code;name;ventas_cantidad;ingresos_cantidad;stock_actual;movimientos_venta;display_order_sugerido;visible_sugerido
09020;LAMINA RICH TRANSP HD;20626;20160;418;315;1;1
09021;LAMINA RICH MATE;12409;11482;0;212;2;1
05675;CARG ANSTY C-054T SCH TIPO C;9500;11600;2648;865;3;1
09022;LAMINA RICH ANTIESPIA MATE;7809;7866;610;167;4;1
02001;CABLE LDNIO SY-03 BLANCO 1M V8;7670;7086;335;703;5;1
02003;CABLE LDNIO XS-07 PLANO 1M TIPO C;7380;7245;516;598;6;1
02122;CABLE LDNIO LS841 25W TIPO C;7022;7736;711;627;7;1
05676;CARG ANSTY C-054A SCH V8;6920;7960;532;644;8;1
090201;LAMINA RICH UV HD;6828;6915;477;166;9;1
02221;CABLE LDNIO LS901 1M TIPO C;5563;5342;343;468;10;1
09035;LAMINA RICH ANTI-BLUE;5000;4150;34;83;11;1
05625;CARG ECCO 18W FAST CHARGER TIPO C;4726;4929;313;605;12;1
08009;INSUMO 5440 BK;4498;4739;343;733;13;1
02121;CABLE LDNIO LS841 25W V8;3805;3750;144;364;14;1
05014;CARG LDNIO 18W A1204Q 3.0 TIPO C;3526;3402;47;532;15;1
08005;INSUMO 6640 BK;3522;3592;235;628;16;1
02002;CABLE LDNIO SY-03 BLANCO 1M IOS;3416;3411;271;359;17;1
02123;CABLE LDNIO LS841 25W IOS;3172;3010;85;296;18;1
09025;SKIN DE DISEÑO ALTO RELIEVE SURTIDA;3164;3148;427;410;19;1
090211;LAMINA RICH SUPER PREMIUN HD;3101;3523;361;55;20;1
09038;LAMINA RICH ANTIESPIA HD;3005;3250;301;62;21;1
02220;CABLE LDNIO LS901 1M V8;2918;2814;218;235;22;1
09047;LAMINA RICH LITE TRANS HD;2751;3000;0;48;23;1
09045;LAMINA RICH LITE ANTIESPIA MATE;2701;3049;398;53;24;1
02222;CABLE LDNIO LS901 1M IOS;2670;2684;0;298;25;1
09046;LAMINA RICH LITE MATE;2651;2700;49;42;26;1
01035;FLASH MEMORY ECCO 4GB;2628;2687;188;457;27;1
09043;LAMINA RICH EPU PRO ANTIESPIA HD;2583;2700;121;56;28;1
02041;CABLE LDNIO LS441 NYLON 1M TIPO C;2370;2534;241;190;29;1
05626;CARG ECCO 18W FAST CHARGER V8;2337;2230;81;341;30;1
08011;INSUMO 5440 Y;2330;2504;268;548;31;1
08012;INSUMO 5440 M;2296;2426;270;538;32;1
08010;INSUMO 5440 C;2278;2433;286;535;33;1
02415;CABLE ANSTY Z09-T TIPO C;2012;4025;829;124;34;1
02126;CABLE LDNIO LS641 COR 1M TIPO C;1995;2000;0;219;35;1
09040;LAMINA RICH EPU PRO TRANS HD;1900;2300;400;34;36;1
09039;LAMINA DISEÑO MATE;1758;2205;447;34;37;1
02201;CABLE LDNIO LS851 25W TIPO C;1744;1935;364;176;38;1
08007;INSUMO 6640 Y;1730;1879;230;431;39;1
08008;INSUMO 6640 M;1723;1905;241;423;40;1
08006;INSUMO 6640 C;1722;1879;241;428;41;1
01036;FLASH MEMORY ECCO 8GB;1720;1827;113;384;42;1
02096;CABLE LDNIO LS631 1M TIPO C;1691;1680;0;174;43;1
0201021;CABLE LDNIO LC901 30W TC A IP;1690;1677;1;221;44;1
03001;AUDIF ECON ML FUNDA BLANCO;1541;1586;2;179;45;1
05711;CUBO LDNIO TRAVEL 20W H1209C 1PD TC;1535;1225;1;299;46;1
02016;CABLE LDNIO LS441 NYLON 1M V8;1519;1405;0;64;47;1
03002;AUDIF ECON ML FUNDA NEGRO;1511;1450;3;177;48;1
05013;CARG LDNIO 18W A1204Q 3.0 V8;1426;1258;88;231;49;1
05695;CARG ANSTY 18W Q-067 TIPO C;1421;1500;107;54;50;1
051101;CUBO ECONOMICO TECNO 20W;1410;500;3;192;51;1
056651;AUTO CAR ANSTY CAR-026 P USB-C;1329;1916;587;250;52;1
020102;CABLE LDNIO LC901 65W TC A C;1318;1347;34;161;53;1
02211;CABLE LDNIO LS902 25W 2M TC;1311;1300;0;182;54;1
08013;INSUMO 5040 BK;1269;1314;120;295;55;1
05651;CARG ANSTY 33W Q-045T TIPO C;1261;600;3;171;56;1
05710;CUBO LDNIO TRAVEL 18W H1209Q 1PD USB;1253;587;62;266;57;1
036441;AUDIF ECCO ML ECON FUN NEGRO;1250;1300;51;140;58;1
02108;CABLE LDNIO LS801 1M TIPO C;1186;1350;169;104;59;1
050462;CARG IP 20W TC A IP;1174;1355;161;231;60;1
02058;CABLE LDNIO LC121 1M TC A IOS;1164;1350;100;140;61;1
03644;AUDIF ECCO ML ECON FUN BLANCO;1139;1300;161;144;62;1
01085;FLASH MEMORY SPEED 4GB;1054;1051;0;179;63;1
05701;CUBO LDNIO TRAVEL 12W H2221 2PD USB;1020;865;2;215;64;1
05141;CARG ECCO 18W EC-40 TIPO C;1007;1001;1;147;65;1
01034;FLASH MEMORY ECCO 16GB;988;967;46;270;66;1
02405;CABLE ANSTY AUX AU-020 1M;949;800;0;137;67;1
05139;CUBO IP 20W;939;1006;83;179;68;1
05623;CARG ECCO 12W 2A V8;923;600;6;111;69;1
05084;CARG LDNIO 18W A1204Q 3.0 IOS;913;959;67;142;70;1
05627;CARG ECCO 20W FAST CHARGER TC A C;911;1261;160;137;71;1
05171;CARG IP 35W T C A C;894;945;90;199;72;1
03019;AUDIF SAMSUNG ML HS330 BLANCO;892;943;57;140;73;1
08014;INSUMO 5040 C;870;1002;161;253;74;1
051651;CARG IP 25W TC A IP;869;1070;199;155;75;1
02200;CABLE LDNIO LS851 25W V8;868;910;114;88;76;1
02416;CABLE ANSTY Z09-A V8;862;1014;149;70;77;1
08016;INSUMO 5040 M;861;982;146;249;78;1
08015;INSUMO 5040 Y;854;972;145;253;79;1
02116;CABLE IP LIGHT TIPO C A IOS;852;1100;220;129;80;1
09102;PAÑO LIMPIEZA;849;939;268;83;81;1
03015;AUDIF SAMSUNG ML AKG CORDON;844;857;88;148;82;1
052851;CARG LDNIO 20W Q1 USB A C BLANCO;835;900;63;148;83;1
09041;LAMINA RICH EPU PRO ANTIESPIA MATE;825;1500;675;19;84;1
090203;LAMINA RICH UV ANTIESPIA MATE;820;800;0;27;85;1
02124;CABLE LDNIO LS641 COR 1M V8;817;805;0;96;86;1
05624;CARG ECCO 12W 2A TIPO C;783;560;0;110;87;1
020671;CABLE ANSTY SUELTO V8;782;0;0;16;88;1
02099;CABLE LDNIO LS632 2M TIPO C;776;800;259;100;89;1
02057;CABLE LDNIO LC121 1M TC A TC;763;860;100;112;90;1
03801;AUDIF BT WIRELESS M100;762;708;10;335;91;1
05136;OTG LDNIO LC140 C A USB;759;759;1;147;92;1
02025;CABLE LDNIO LS442 NYLON 2M TIPO C;756;600;0;105;93;1
02208;CABLE LDNIO LS852 25W 2M TIPO C;753;1110;361;101;94;1
02094;CABLE LDNIO LS631 1M V8;750;815;58;93;95;1
05026;AUTO CAR LDNIO DL-C29 3.4 TIPO C;744;742;51;151;96;1
02095;CABLE LDNIO LS631 1M IOS;714;780;71;91;97;1
01086;FLASH MEMORY SPEED 8GB;701;701;0;151;98;1
09023;LAMINA RICH TRANSP HD TABLET;685;612;0;30;99;1
05103;CARG LDNIO 12W A2218 2.4 TIPO C;680;670;2;106;100;1
090231;LAMINA RICH MATE TABLET;663;663;0;31;101;1
05325;CARG LDNIO 20W Q111 TC A TC;639;645;129;120;102;1
05140;CARG ECCO 18W EC-40 V8;610;605;2;85;103;1
03802;AUDIF BT WIRELESS M39;607;591;68;192;104;1
03234;AUDIF AIRPODS PRO 2DA GEN;602;700;34;242;105;1
051106;CUBO SAMSUNG 20W USB Y C BLANCO;600;600;1;110;106;1
05012;CARG LDNIO 12W A2201 2.4 TIPO C;587;630;42;105;107;1
024101;JACK LDNIO LS-Y80C TC;575;600;108;126;108;1
053251;CARG LDNIO 20W Q111 TC A IP;565;620;49;111;109;1
02059;CABLE IP LIGHT 1M USB A IOS;561;465;14;92;110;1
02053;CABLE LDNIO XS-07 PLANO 1M V8;554;509;6;55;111;1
02212;CABLE LDNIO LS902 25W 2M IP;553;618;58;70;112;1
03183;AUDIF BT WIRELESS M90;547;600;63;237;113;1
01057;FLASH MEMORY ECCO 32GB;545;441;4;167;114;1
03638;AUDIF TECNO ML E18 F;537;565;28;84;115;1
05550;AUTO CAR LDNIO 30W C105 USB A C;530;496;47;125;116;1
05102;CARG LDNIO 12W A2218 2.4 V8;517;500;4;83;117;1
01037;MEMORIA MICRO SD ECCO 16GB;508;387;0;131;118;1
01038;MEMORIA MICRO SD ECCO 4GB;502;408;2;112;119;1
07170;MOUSE ECCO CON CABLE EC-CP89;494;300;1;129;120;1
05698;CARG ANSTY 33W Q-069 TIPO C;492;496;1;34;121;1
02210;CABLE LDNIO LS902 25W 2M V8;488;525;37;67;122;1
056851;CARG ANSTY 45W Q-037A TIPO C;479;300;11;92;123;1
08021;INSUMO 1900 BK;473;560;88;152;124;1
03203;AUDIF BT WIRELESS M10;470;482;77;206;125;1
03639;AUDIF INFINIX ML YK-44;466;500;0;53;126;1
03633;AUDIF CORAZON L8 EXTRA BASS;463;200;0;57;127;1
03108;AUDIF AIRPODS 3RA GEN;459;420;36;189;128;1
010391;MEMORIA MICRO SD ECCO 32GB;459;403;0;149;129;1
01039;MEMORIA MICRO SD ECCO 8GB;457;331;0;115;130;1
02125;CABLE LDNIO LS641 COR 1M IP;455;450;0;63;131;1
02231;CABLE LDNIO LS691 30W TIPO C;450;450;0;52;132;1
03634;AUDIF INFINIX FREE ML IN-101;439;200;0;83;133;1
02042;CABLE LDNIO LS441 NYLON 1M IOS;439;389;0;56;134;1
01003;MICRO SD KINGSTON 100 MB/S 64GB;432;475;50;165;135;1
02012;CABLE LDNIO LS531 TELA 1M TIPO C;430;430;0;59;136;1
020701;CABLE LDNIO AUX LS-Y81A 1M;420;427;56;89;137;1
01016;FLASH EXODIA K 3,2 64GB;404;401;1;138;138;1
02106;CABLE LDNIO LS801 1M V8;401;374;0;44;139;1
99001;FUNDA PEQ LDNIO REG;400;0;650;5;140;1
056211;CUBO ECCO 18W EC-18 USB;399;400;2;61;141;1
05697;CARG ANSTY 25W Q-063 TIPO C;397;400;1;52;142;1
0201011;CABLE LDNIO LC631 30W 1M TC A IP;392;435;40;59;143;1
08023;INSUMO 1900 Y;390;430;63;142;144;1
08022;INSUMO 1900 C;388;415;61;145;145;1
05558;CARG LDNIO 18W A1209 TIPO C;386;400;6;49;146;1
08024;INSUMO 1900 M;382;420;58;143;147;1
05690;CARG ANSTY 45W Q039T USB-C TIPO C;381;366;4;57;148;1
070013;MOUSE GENIUS DX-110 USB NEGRO;380;380;0;134;149;1
03148;AUDIF SAMSUNG ML HS330 NEGRO;377;402;33;86;150;1
02202;CABLE LDNIO LS851 25W IOS;370;370;0;23;151;1
02084;CABLE LDNIO LS561 EN L 1M TIPO C;367;361;0;49;152;1
05655;CARG ANSTY 22.5W Q-031A FCH V8;355;200;1;39;153;1
020101;CABLE LDNIO LC631 65W 1M TC A C;344;360;15;62;154;1
05705;CARG ANSTY 50W Q-059 TC;344;400;59;48;155;1
05010;CARG LDNIO 12W A2201 2.4 V8;337;325;0;62;156;1
03642;AUDIF ECCO ML EC 62 TC NEGRO;335;350;15;54;157;1
08017;INSUMO HG530 BK;329;390;72;114;158;1
05670;CARG ANSTY 66W AM01 SCH TIPO C;327;100;0;63;159;1
05285;CARG LDNIO 20W Q1 USB A C NEGRO;325;375;50;77;160;1
0902011;LAMINA RICH LAPTOP HD;325;425;100;11;161;1
05604;CARG ECCO EC-67W TC A TC;323;399;76;65;162;1
05802;CARG INFINIX HOT 50 33W USB A C;312;360;48;55;163;1
05560;CARG LDNIO 12W A2221 TIPO C;311;300;0;40;164;1
02085;CABLE LDNIO LS561 EN L 1M IOS;308;300;0;49;165;1
020103;CABLE LDNIO LC921 240W 1M TC A C;307;340;33;58;166;1
03404;AUDIF EARLDOM ML E43 BLANCO;305;380;81;56;167;1
05566;AUTO CAR ECCO 38W EC-135 V8;304;312;8;65;168;1
02417;CABLE ANSTY Z09-I IP;303;500;146;34;169;1
05151;CARG LDNIO 30W A2527 3.0 TIPO C;303;303;0;76;170;1
03636;AUDIF INFINIX ML IN-002;300;300;0;55;171;1
03637;AUDIF TECNO ML YK-43;300;300;0;52;172;1
03290;AUDIF BT WIRELESS M20;299;300;9;138;173;1
056801;CARG ANSTY 45W Q047PT TIPO C;299;300;6;35;174;1
05167;CARG SAMSUNG 25W TIPO C;298;200;3;60;175;1
01087;FLASH MEMORY SPEED 16GB;298;300;2;64;176;1
05803;CARG INFINIX NOTE 50 67W TC A C;297;310;15;63;177;1
024103;CABLE LDNIO AUX AD LS-Y81C 1M TC;293;325;46;73;178;1
05656;CARG ANSTY 22.5W Q-031A FCH TC;293;0;6;33;179;1
07172;MOUSE ECCO WIRELESS EC-W930;291;400;202;72;180;1
07152;TECL ECCO CON CABLE K29;291;350;160;90;181;1
01004;MICRO SD KINGSTON 100 MB/S 128GB;290;293;22;134;182;1
06003;BATERIA J5 PREMIUM;289;194;20;62;183;1
020411;CABLE LDNIO LC441 65W 1M TC A TC;286;330;45;51;184;1
02107;CABLE LDNIO LS801 1M IOS;286;400;122;37;185;1
05252;CARG LDNIO 30W A2317C 3.0 TIPO C;286;335;58;69;186;1
02206;CABLE LDNIO LS852 25W 2M V8;279;280;44;37;187;1
01075;FLASH MEMORY ADATA 32GB;279;276;0;79;188;1
05104;OTG LDNIO LC150 USB A C;278;290;79;57;189;1
090202;LAMINA HIDROGEL 360/HD;275;200;0;6;190;1
03607;AUDIF ORAIMO ML E10 F;271;300;29;54;191;1
02213;CABLE LDNIO LC902 30W TC A IP;270;312;30;41;192;1
02067;CABLE REALME USB TIPO C;268;0;12;25;193;1
05665;AUTO CAR ANSTY CAR-012 ALIENS;266;442;178;63;194;1
02023;CABLE LDNIO LS442 NYLON 2M V8;265;170;0;41;195;1
052102;CARG MI CH TU 120W TIPO C;260;220;10;77;196;1
05554;AUTO CAR LDNIO 60W C103 TC A C;258;280;22;54;197;1
022131;CABLE LDNIO LC902 65W TC A C;258;300;39;41;198;1
052011;CARG SPARK 20PRO 67W TC A C;252;252;0;48;199;1
05672;CARG ANSTY 80W Q-053T TIPO C;251;200;0;45;200;1
038191;AUDIF JBL BT M10;244;248;2;111;201;1
09300;PALETA RICH PEQUEÑA;241.01;277;119.99;157;202;1
05652;CARG ANSTY 33W Q-045A V8;241;400;0;26;203;1
03640;AUDIF STRONG BASS ML F;236;300;64;45;204;1
03632;AUDIF REALME ML X38 BLANCO;234;180;30;40;205;1
05551;AUTO CAR LDNIO 30W C106 TC A C;234;250;55;63;206;1
051971;CARG SAMSUNG 68W TIPO C;234;200;6;59;207;1
05685;CARG ANSTY 45W Q-037A V8;229;400;0;49;208;1
020591;CABLE IP LIGHT 1M TC A TC;228;150;0;38;209;1
020702;CABLE LDNIO AUX LS-Y82A 2M;228;240;19;53;210;1
03635;AUDIF TECNO FREE ML TE-104;226;0;0;46;211;1
06011;BATERIA NOKIA BL5C;225;80;4;47;212;1
03291;AUDIF BT WIRELESS M30;218;300;82;116;213;1
08019;INSUMO HG520 Y;218;235;38;88;214;1
01072;FLASH MEMORY ZIPPY 16GB;216;218;0;47;215;1
020412;CABLE LDNIO LC441 30W 1M TC A IOS;215;260;50;30;216;1
08018;INSUMO HG520 C;215;225;37;86;217;1
02418;CABLE ANSTY Z040 TIPO C;208;2000;1792;20;218;1
02130;CABLE LDNIO LC641 CORDON 1M TC A IPHONE;207;190;0;28;219;1
02205;CABLE LDNIO LS842 25W 2MT TIPO C;207;0;0;29;220;1
03400;AUDIF LDNIO ML HP08C;204;210;20;56;221;1
03063;AUDIF POP UP WIN ML IP PROMAX;203;260;57;47;222;1
05552;AUTO CAR LDNIO 30W C509Q TC A C;203;267;65;46;223;1
01092;MEMORIA MICRO SD SPEED 16GB;203;200;0;42;224;1
08020;INSUMO HG520 M;201;225;39;82;225;1
05559;CARG LDNIO 12W A2221 V8;199;200;1;22;226;1
021071;CABLE LDNIO LS802 1M TIPO C;193;275;82;27;227;1
031082;AUDIF AIRPODS 4TA GEN;191;230;39;80;228;1
055501;AUTO CAR LDNIO 30W C105 V8;189;100;0;54;229;1
038601;AUDIF ECCO BT K4 AZUL/AMARILLO;187;270;94;117;230;1
03854;AUDIF ECCO ML EC-T25 TC NEGRO;186;150;0;46;231;1
038602;AUDIF ECCO BT K4 GRIS/TURQUEZA;185;270;85;114;232;1
05220;CARG LDNIO 12W A2218 2.4 IOS;184;205;28;37;233;1
043491;PARL KIMISO 1182 PORT AZUL;181;205;0;90;234;1
043492;PARL KIMISO 1182 PORT ROJO;181;180;0;88;235;1
020672;CABLE ANSTY SUELTO IP;180;0;20;4;236;1
034001;AUDIF LDNIO ML HP09C;176;205;31;56;237;1
03860;AUDIF ECCO BT K4 NEGRO/NARANJA;170;260;85;108;238;1
05680;CARG ANSTY C047T FCH TIPO C;170;250;0;26;239;1
051621;CARG SAMSUNG 45W TC A TC NEGRO;168;130;2;40;240;1
021161;CABLE IP LIGHT 2M TIPO C A IOS;165;0;41;30;241;1
05029;AUTO CAR LDNIO DL-C17 2.0 TIPO C;163;150;6;37;242;1
02097;CABLE LDNIO LS632 2M V8;163;50;0;21;243;1
07171;MOUSE ECCO WIRELESS EC-W690;163;258;200;63;244;1
05024;AUTO CAR LDNIO DL-C29 3.4 V8;162;130;0;39;245;1
038193;AUDIF SAMSUNG BT M10;160;160;0;68;246;1
02010;CABLE LDNIO LS531 TELA 1M V8;160;160;0;25;247;1
09002;REGULADOR CDP R2C-AVR 1008 8 NEMA;160;160;0;80;248;1
08028;INSUMO IPR 05000 M;159;181;28;61;249;1
08027;INSUMO IPR 05000 Y;159;186;29;60;250;1
01091;MEMORIA MICRO SD SPEED 8GB;159;207;53;33;251;1
024102;JACK LDNIO LS-Y80I IP;158;305;34;41;252;1
03631;AUDIF REALME ML X38 NEGRO;156;180;33;22;253;1
01017;FLASH EXODIA K 3,2 128GB;156;172;22;80;254;1
01093;MEMORIA MICRO SD SPEED 32GB;155;184;32;51;255;1
020592;CABLE IP LIGHT 1M USB A IOS X;154;200;46;23;256;1
05251;CARG LDNIO 30W A2317C 3.0 TC A IOS;154;182;28;27;257;1
08026;INSUMO IPR 05000C;152;176;32;58;258;1
04355;PARL ECCO T7 NEGRO;152;152;2;88;259;1
03271;AUDIF ECCO BT EC-A10 NEGRO;150;150;2;59;260;1
051721;AUTO CAR LDNIO 36W C1 TIPO C;150;120;0;44;261;1
05310;CARG SAMSUNG FAST 45W TC A C;150;150;0;28;262;1
05177;AUTO CAR LDNIO 36W C2 TIPO C;148;185;40;35;263;1
05810;CARG LDNIO 20W Q229 TURBO TC A C;146;72;1;20;264;1
05671;CARG ANSTY 80W Q-053A V8;145;200;0;24;265;1
05166;CARG SAMSUNG 25W V8;142;80;0;30;266;1
07760;MOUSE GENIUS DX-123 USB NEGRO;140;140;6;39;267;1
08025;INSUMO IPR 0600 BK;138;161;49;60;268;1
05280;CARG LDNIO 45W A2526 3.0 TC A C;137;142;6;43;269;1
038605;AUDIF ECCO K7 BLANCO;136;300;164;67;270;1
052081;CARG MI TRAV CH NJ35 33W TIPO C;136;137;0;40;271;1
040983;PARL PRO KMS-M12 NEGRO;135;103;0;93;272;1
03819;AUDIF BT WIRELESS M19;134;104;0;65;273;1
01053;DDS ADATA 240GB;134;117;0;55;274;1
057001;POWER BANK ANSTY AP-039 10000;134;180;46;74;275;1
057002;POWER BANK ANSTY AP-038 10000;133;181;49;77;276;1
024109;CABLE LDNIO AUX AD LS-Y81I 1M TIP;132;135;32;38;277;1
04350;PARL KIMISO MINI M5 NEGRO;131;130;0;87;278;1
051107;CUBO SAMSUNG 25W NEGRO;130;100;0;26;279;1
02161;CABLE EARLDOM AUX 15 1M;128;161;33;22;280;1
02024;CABLE LDNIO LS442 NYLON 2M IOS;128;160;64;21;281;1
02203;CABLE LDNIO LS842 25W 2M V8;128;0;0;17;282;1
051105;CUBO SAMSUNG 45W BLANCO;128;70;0;30;283;1
024105;ADAPT LDNIO HUB DS-44C USB;127;145;18;48;284;1
021301;CABLE LDNIO LC641 CORDON 1M TC A C;126;126;0;20;285;1
053002;JACK GN IPHONE;125;100;12;33;286;1
04363;PARL KIMISO QS-3210;125;130;0;49;287;1
03808;AUDIF REALME AIR-R03 BLANCO;124;52;6;61;288;1
05174;AUTO CAR LDNIO 36W C1 TIPO C A C;123;153;30;32;289;1
02083;CABLE LDNIO LS561 EN L 1M V8;123;120;0;17;290;1
07307;EXTEN TP-LINK RANGO N300MBP TL-WA855RE;123;140;21;72;291;1
01076;FLASH MEMORY ADATA 64GB;123;115;0;39;292;1
07181;MOUSE QUASAD QM-703U CON CABLE GRIS;123;211;89;43;293;1
056652;AUTO CAR ANSTY CAR-021T TC;122;200;78;24;294;1
05011;CARG LDNIO 12W A2201 2.4 IOS;121;179;50;26;295;1
05300;JACK GN TIPO C;120;100;0;28;296;1
01090;MEMORIA MICRO SD SPEED 4GB;120;152;35;20;297;1
03832;AUDIF LDNIO BT13 NEGRO;119;145;16;70;298;1
07101;MOUSE JEQANG CON CABLE JM-018 NEGRO;119;0;0;36;299;1
052111;CARG MI GAN POWER 67W PD TIPO C;117;132;16;37;300;1
02135;CABLE LDNIO LC651C 30W 1M TC A C;116;125;14;22;301;1
03190;AUDIFONO AKG TIPO C;115;160;46;23;302;1
024106;ADAPT LDNIO HUB DS-34C TC;114;130;16;43;303;1
02098;CABLE LDNIO LS632 2M IOS;114;230;120;20;304;1
03130;AUDIF LDNIO ML HP03;113;105;16;42;305;1
05112;AUTO CAR LDNIO BT 25W C706Q TIPO C;112;161;49;22;306;1
05027;AUTO CAR LDNIO DL-C17 2.0 V8;112;103;5;36;307;1
07302;EXTEN TP-LINK DE COBER 300MBP WA850RE;112;132;21;57;308;1
05460;CARG NOTE 40 PRO 67W TC A C;111;50;0;30;309;1
01088;FLASH MEMORY SPEED 32GB;111;300;189;30;310;1
09007;FUENTE DE PODER QUASAD 850W 4 PIN;111;110;0;54;311;1
02160;CABLE EARLDOM AUX 12 1M;110;229;119;18;312;1
05187;CARG LDNIO 30W A2527 3.0 IOS;110;110;0;22;313;1
08029;INSUMO 1 LT BK;110;113;11;64;314;1
03806;AUDIF iB-06 BT BLANCO;109;40;4;66;315;1
070041;MOUSE GENIUS NX-7005 USB NEGRO;109;100;0;59;316;1
07067;MOUSE JEDEL WIRELESS W920;108;60;0;32;317;1
05687;CARG ANSTY 120W Q062 TIPO C;107;200;93;14;318;1
07160;PARL ECCO CPU EC-S553;106;60;0;45;319;1
07500;MOUSEPAD COLORES;105;100;83;20;320;1
04130;PARL ECCO BT9 USB+FM NEGRO;104;0;0;44;321;1
07080;TECL GENIUS KB117 NEGRO;104;100;0;52;322;1
05202;CARG TECNO SPARK 10C TIPO C;103;100;0;16;323;1
06017;BATERIA NOKIA BL4C;102;0;1;25;324;1
05699;CARG ANSTY 50W Q-057 TC A C;102;100;0;20;325;1
052042;CARG INFINIX HOT 30 TIPO C;102;100;0;19;326;1
07604;PARL ECCO CPU EC-CK4;102;300;198;38;327;1
038607;AUDIF ECCO K7 AZUL;101;200;99;57;328;1
03131;AUDIF LDNIO ML HP04;101;110;20;39;329;1
04349;PARL KIMISO 1182 PORT NEGRO;101;75;0;45;330;1
031083;AUDIF AIRPODS PRO 5TA GEN PANT;100;100;2;56;331;1
03645;AUDIF ANSTY ML E061 BLANCO;100;200;100;28;332;1
032911;AUDIF BT WIRELESS M30 PRO;100;100;0;48;333;1
03821;AUDIF BT WIRELESS M85;100;100;2;46;334;1
038606;AUDIF ECCO K7 NEGRO;100;100;0;52;335;1
036431;AUDIF ECCO ML L8 TC BLANCO;100;100;0;30;336;1
03643;AUDIF ECCO ML L8 TC NEGRO;100;100;0;30;337;1
05565;AUTO CAR ECCO 38W EC-135 TIPO C;100;100;0;20;338;1
020673;CABLE ANSTY SUELTO C;100;0;0;2;339;1
05227;CARG SAMSUNG 120W TRIO USB A C Y C;100;100;0;26;340;1
052012;CARG SPARK 30PRO 67W USB A C;100;100;0;15;341;1
05230;CARGA 67W USB A TIPO C;100;100;0;22;342;1
09050;LAMINA TORNASOL;100;500;400;2;343;1
03831;AUDIF LIVIN BT E19 NEGRO;99;100;1;57;344;1
05287;CARG LDNIO 27W Q122 TC A C;99;100;1;14;345;1
07150;TECL + MOUSE ECCO CON CABLE EC-G17;99;40;1;38;346;1
05201;CARG TECNO SPARK C20 67W TC;98;50;0;19;347;1
07180;MOUSE QUASAD QM-703U CON CABLE NEGRO;98;180;83;34;348;1
038541;AUDIF ECCO ML EC-T25 TC BLANCO;97;50;0;36;349;1
090121;MAQUINA RICH UV;97;99;6;94;350;1
07151;TECL ECCO CON CABLE K15;97;0;0;36;351;1
02102;CABLE LDNIO LS651 1M TIPO C;95;0;0;9;352;1
024104;ADAPT LDNIO HUB DS-34U TC;94;115;23;37;353;1
034040;AUDIF EARLDOM ML E42 BLANCO;94;92;39;16;354;1
05301;BLUETOOTH AUTO LV-B01;94;100;65;20;355;1
041203;TV BOX MXQPRO 5G;94;100;7;48;356;1
05660;CARG ANSTY 25W Q-029PT TC A C;93;0;0;23;357;1
01065;ENCLOSURE ARGOM 2.51nc SATA;93;91;0;46;358;1
032341;AUDIF AIRPODS PRO ZF 2DA GEN;92;38;3;37;359;1
052001;CARG MI 67W PD TURBO TC A C;91;0;0;20;360;1
024107;ADAPT LDNIO HUB DS-44U USB;90;115;25;28;361;1
05226;CUBO SAMSUNG TRIO USB A C Y C;90;0;7;27;362;1
07153;TECL ECCO CON CABLE EC K31;90;50;0;36;363;1
03200;AUDIF LDNIO BT T01 NEGRO;88;92;7;60;364;1
03132;AUDIF LDNIO ML HP05;88;85;0;30;365;1
02112;CABLE LDNIO LS661 1M V8;87;0;0;14;366;1
041202;TV STICK ANDROID TV 4K;87;131;47;45;367;1
040923;PARL LDNIO SPEAKER BTS13;86;80;17;55;368;1
0409831;PARL PRO KMS-M12 AZUL;83;77;0;58;369;1
03185;AUDIF P47 DI NEGRO;82;170;89;49;370;1
02155;CABLE EARLDOM HDMI 1.5 MT;82;82;0;24;371;1
03807;AUDIF PRO 4S+ BT BLANCO;81;60;2;42;372;1
03270;AUDIF ECCO BT EC-A03 NEGRO;80;80;0;30;373;1
03206;AUDIF LDNIO BT T02 NEGRO;80;82;5;56;374;1
05242;OTG LDNIO LC 290 USB A IP;79;82;3;22;375;1
02063;CABLE LDNIO LS591 TELA 1M TIPO C;78;0;0;17;376;1
05555;CARG LDNIO 27W A1206C TC A C;78;53;0;16;377;1
05225;CARG SAMSUNG 65W TRIO USB A C Y C;78;50;0;20;378;1
07250;MOUSE EARLDOM KM2 CON CABLE NEGRO;78;108;42;24;379;1
02034;CABLE HDMI 3 MTS;77;125;72;26;380;1
05681;CARG ANSTY C-047T FAST CH V8;77;0;0;11;381;1
052061;CARG MI GAN CARG NJ34 67W TC A C;77;114;37;20;382;1
042501;PARL ES-300 NEGRO;77;60;2;57;383;1
04316;PARL MS-2688 BT;77;85;3;46;384;1
07304;ROUTER TP-LINK INAL 300MPBS WR840N;77;97;21;43;385;1
034042;AUDIF EARLDOM ML E74C TIPO C;76;115;40;16;386;1
051104;CUBO SAMSUNG 45W NEGRO;75;130;0;17;387;1
043502;PARL KIMISO MINI M5 ROJO;75;74;0;62;388;1
038261;AUDIF CAFINI BT A7706 NEGRO;74;75;0;34;389;1
038613;AUDIF ECCO EC-T24 NEGRO;74;100;26;35;390;1
0508011;AUTO HOLDER LDNIO MW21-1 USB A C;74;114;40;20;391;1
07308;ADAPT TP-LINK BLUETOOTH 5.0 UB500;72;75;8;34;392;1
0409832;PARL PRO KMS-M12 ROJO;72;60;0;53;393;1
03925;AUDIF JBL DI J32 NEGRO;71;58;1;52;394;1
03813;AUDIF LDNIO BT T05 NEGRO;71;77;7;56;395;1
05696;CARG ANSTY 18W Q-067 V8;70;100;0;8;396;1
051103;CUBO SAMSUNG 25W BLANCO;70;100;0;17;397;1
04297;PARL AO-832;70;70;0;46;398;1
04298;PARL AO-833;70;70;0;49;399;1
09009;REGULADOR QUASAD QAVR-1050 1000VA NEGRO;70;70;0;18;400;1
038612;AUDIF ECCO EC-T24 BLANCO;69;100;31;33;401;1
03630;AUDIF INFINIX ML SY-888 NEGRO;69;0;0;14;402;1
03350;AUDIF MDR-XB960BT DI NEGRO;69;50;8;52;403;1
052771;CARG LDNIO 35W A2528C TC A C;69;95;22;20;404;1
052861;CARG LDNIO 65W Q4 C A C BLANCO;69;105;36;24;405;1
05123;AUTO HOLDER LDNIO MG10 NEGRO;68;70;26;27;406;1
05130;CARG LDNIO 65W A2620 3.0 TIPO C;68;45;0;27;407;1
07074;MOUSE GENIUS NX-7007 USB NEGRO;68;70;0;43;408;1
038321;AUDIF LDNIO BT13 BEIGE;67;80;13;45;409;1
03133;AUDIF LDNIO ML HP06;67;95;28;24;410;1
02070;CABLE ECONO AUX 2M;67;0;0;7;411;1
05275;CARG LDNIO 30W A2527C TC A TC;67;67;0;19;412;1
07312;EXTEN MERCUSYS DE RANGO MW300RE;67;74;7;41;413;1
04365;PARL LIDIMI MINI LD S703 NEGRO;67;71;4;35;414;1
03851;AUDIF ECCO EC-T24 NEGRO;66;40;1;29;415;1
03048;AUDIF INPODS NEGRO;66;66;0;28;416;1
03805;AUDIF LIVIN BT ZS-360 NEGRO;66;35;0;44;417;1
02190;CABLE LDNIO LC-96U 100W 3 EN 1;66;85;15;19;418;1
07310;ADAPT TP-LINK 150MBPS TL-WN725N;65;70;14;33;419;1
03811;AUDIF LDNIO BT T08 NEGRO;65;66;4;50;420;1
035061;MICROF EARLDOM ET-MC81 C;65;75;12;37;421;1
03075;AUDIF INPODS BLANCO;64;87;0;32;422;1
05557;AUTO CAR LDNIO 30W C107 RETRACTIL;64;75;11;15;423;1
01046;DDS WESTERN DIGITAL 240GB;64;63;0;33;424;1
03507;MICROF F11-2 C IP AUX;64;70;7;34;425;1
07560;TECL MINI KEYBOARD BACKLIT;64;80;16;22;426;1
02111;CABLE LDNIO LS821 1M TIPO C;63;53;0;9;427;1
05240;OTG LDNIO LC 270 C A IP;63;63;0;17;428;1
038254;AUDIF CAFINI BT A7707 NEGRO;62;60;0;29;429;1
03890;AUDIF LDNIO BT T10 BEIGE;62;66;4;38;430;1
035001;MICROF WIRELESS K9 X2 IOS/TIPO C;62;0;0;26;431;1
07309;ADAPT TP-LINK MINI WLS TL-WN823N;61;70;11;31;432;1
99007;AFICHES PROMO;61;10;94;33;433;1
03850;AUDIF ECCO BT EC-T23 BLANCO;61;40;2;30;434;1
04335;PARL MS 2032 BT;61;64;3;40;435;1
07654;TECLADO JEDEL K29;61;0;0;23;436;1
03646;AUDIF ANSTY ML E062 NEGRO;60;200;58;16;437;1
070011;MOUSE GENIUS DX-110 USB ROJO;60;60;0;37;438;1
038471;AUDIF BT WIRELESS M41 OSCURO;59;31;1;32;439;1
03149;AUDIF LDNIO ML HP02;59;45;10;24;440;1
070012;MOUSE GENIUS DX-110 USB AZUL;59;61;0;39;441;1
070401;TECL JEDEL MECANICO K500;58;20;0;32;442;1
07122;TECL JEDEL+ MOUSE GK106 NEGRO;58;80;22;22;443;1
05183;AUTO CAR LDNIO C706Q 3.0 TIPO C;57;57;0;16;444;1
04300;PARL KIMISIO QS-457;57;0;1;29;445;1
053011;AUTO WIRELESS RECEIVER B09;56;0;0;13;446;1
043551;PARL ECCO T7 VERDE;56;65;9;37;447;1
050803;AUTO HOLDER LDNIO MG01 ROJO;55;0;0;23;448;1
04315;PARL MS-2687 BT;55;50;0;36;449;1
038192;AUDIF BT SONY M10;54;50;0;30;450;1
03817;AUDIF LDNIO BT T09 NEGRO;54;53;2;35;451;1
05628;CARG ECCO 45W FAST CHARGER TC A C;54;320;266;7;452;1
070030;MOUSE GENIUS DX-MINI NEGRO;54;88;35;29;453;1
043554;PARL ECCO T7 AZUL;54;60;6;46;454;1
038901;AUDIF LDNIO BT T10 NEGRO;53;78;25;36;455;1
052014;CARG SPARK 30C 33W USB A C;53;100;47;15;456;1
09103;AGUJA DE REEMPLAZO;52;70;36;33;457;1
031851;AUDIF P47 DI BLANCO;52;60;7;30;458;1
04340;PARL ZQS-8308 SING-E;52;69;16;30;459;1
038702;AUDIF JBL DI TUNE H6 NEGRO;51;51;0;36;460;1
032061;AUDIF LDNIO BT T02 BLANCO;51;58;9;34;461;1
03809;AUDIF LDNIO BT T07 NEGRO;51;55;4;42;462;1
03834;AUDIF LELISU DI LS-231 NEGRO;51;50;1;30;463;1
02114;CABLE LDNIO LS661 1M TIPO C;51;50;0;11;464;1
05241;OTG LDNIO LC 280 USB A C;51;89;38;11;465;1
05502;AUTO CAR VIAKING 3.1A MP3 PLAYER;50;50;0;18;466;1
050804;AUTO HOLDER LDNIO MA22 MAGNETIC;50;50;0;18;467;1
05124;AUTO HOLDER LDNIO MG10 ROJO;50;0;0;24;468;1
02156;CABLE EARLDOM HDMI 3MT;50;50;0;16;469;1
020703;CABLE LDNIO AUX LS-Y91A 1M;50;50;0;10;470;1
02029;CABLE LDNIO LC-93 3.4 3 EN 1;50;50;0;16;471;1
051102;CUBO SAMSUNG NEGRO;50;50;0;12;472;1
01030;DDS KINGSTON A400 240GB;50;50;0;28;473;1
04372;PARL BOMBOX P172 NEGRO;50;50;1;39;474;1
03604;AUDIF AIRMAX DI NEGRO;49;20;1;39;475;1
03050;AUDIF INPODS ROSADO;49;77;38;25;476;1
02073;CABLE HDMI 1.5 MTS;49;250;201;17;477;1
031541;AUDIF SAM BUDS LIVE NEGRO;48;46;1;35;478;1
05288;CARG LDNIO 33W Q2 TC A C;48;100;52;13;479;1
05281;CARG LDNIO 45W A2526 3.0 TC A IP;48;59;10;20;480;1
05712;CUBO ANSTY 12W;48;0;275;8;481;1
01056;DDS WESTERN DIGITAL 480GB;47;51;4;31;482;1
070391;MOUSE ECCO CON CABLE CP72;47;500;453;10;483;1
07123;MOUSE JEDEL ERGONOMICO W925;47;105;58;26;484;1
042702;PARL BT MS-2031;47;48;1;33;485;1
04376;PARL LIDIMI LD S648 NEGRO;47;62;15;37;486;1
030032;AUDIF SPORT ML YK800 NEGRO;46;0;0;14;487;1
05133;BASE LDNIO CARGA INALAMBRICA 32W AW003;46;32;1;25;488;1
080292;INSUMO 1 LT Y;46;44;4;37;489;1
024111;ADAPT LDNIO HUB DS-56 TC + HDMI;45;45;0;27;490;1
036461;AUDIF ANSTY ML E062 BLANCO;45;0;37;12;491;1
03818;AUDIF LDNIO BT T09 BLANCO;45;46;5;35;492;1
03836;AUDIF MARIO BT + RELOJ ROJO;45;45;2;29;493;1
02308;CABLE ECCO IP-08 20W TIPO C A IOS;45;0;0;9;494;1
07502;CARG LAPTOP VARIAS ENTRADAS;45;55;10;21;495;1
032921;AUDIF BT WIRELESS PRO 5S NEGRO;44;100;58;22;496;1
034003;AUDIF LDNIO ML HP08;44;65;21;17;497;1
09001;REGULADOR CDP RU-AVR604 4 NEMA;44;50;6;27;498;1
07064;MOUSE JEDEL GAMER CP77;43;40;2;20;499;1
043741;PARL LIDIMI LD S647 AZUL;43;51;8;40;500;1
07121;TECL JEDEL + MOUSE WIR WS681;43;60;17;24;501;1
03822;AUDIF LDNIO NECK N01;42;80;38;27;502;1
031853;AUDIF P47 DI ROJO;42;50;8;27;503;1
03606;AUDIF SONY DI WH-CH 95 NEGRO;42;41;0;29;504;1
080291;INSUMO 1 LT CY;42;40;5;32;505;1
04391;PARL CAFINI CN S6761AC;42;43;1;35;506;1
07605;PARL JEDEL CPU S-562 TIPO BARRA;42;70;30;28;507;1
04374;PARL LIDIMI LD S647 NEGRO;42;44;2;36;508;1
050880;POWER BANK LDNIO PQ10 10000;42;40;0;30;509;1
04942;RELOJ SMART HK9 PRO NEGRO;42;61;21;28;510;1
07012;TECL GENIUS SMART KB-118;42;40;0;15;511;1
041204;TV STICK FIRE;42;61;19;19;512;1
03052;AUDIF INPODS AZUL;41;60;23;25;513;1
032001;AUDIF LDNIO BT T01 DORADO / ROSADO;41;45;4;34;514;1
03814;AUDIF LDNIO BT T05 BLANCO;41;46;5;37;515;1
050805;AUTO HOLDER LDNIO MG03 METAL BLACK;41;70;29;14;516;1
070621;CAM TP-LINK TAPO C202;41;41;0;25;517;1
05277;CARG LDNIO 35W A2528C TC A IP;41;65;25;11;518;1
07078;MOUSE GENIUS NX-7007 USB ROJO;41;40;0;30;519;1
04390;PARL CAFINI CN S6760AC;41;43;2;33;520;1
06020;PILA RECARGABLE AA 1.5V No.5;41;170;129;13;521;1
06021;PILA RECARGABLE AAA 1.5V No.7;41;170;129;14;522;1
038723;AUDIF AIR A11 PRO BT BLANCO;40;40;0;25;523;1
03847;AUDIF BT WIRELESS M41 GRIS;40;68;2;23;524;1
03292;AUDIF BT WIRELESS PRO 5S BLANCO;40;50;10;18;525;1
03207;AUDIF LDNIO BT T03 NEGRO;40;46;11;28;526;1
031852;AUDIF P47 DI AZUL;40;50;10;27;527;1
080293;INSUMO 1 LT MG;40;40;5;33;528;1
03506;MICROF EARLDOM ET-MC8 IP;40;49;9;24;529;1
07077;MOUSE GENIUS NX-7007 USB AZUL;40;40;0;31;530;1
050885;POWER BANK LDNIO PQ19 10000 mAh;40;40;0;27;531;1
04943;RELOJ SMART ZQ/PRO 09 + GLASS;40;50;13;22;532;1
090072;SUPRESOR DE PICOS QUASAD QSP-33UBK 4T;40;40;0;22;533;1
07021;TECL GENIUS SMART KB-100;40;40;0;18;534;1
07115;TECL QUASAD QC4400U COMBO BLACK;40;40;0;14;535;1
034002;AUDIF LDNIO ML HP09;39;30;38;13;536;1
03154;AUDIF SAM BUDS LIVE PLOMO;39;36;1;31;537;1
070623;CAM TP-LINK TAPO C120;39;45;6;31;538;1
070043;MOUSE GENIUS NX-7005 USB ROJO;39;30;0;32;539;1
07187;MOUSE QUASAD QM-610 WIRL GRIS;39;160;121;15;540;1
043721;PARL BOMBOX P172 AZUL;39;40;1;33;541;1
051972;CARG SAMSUNG 68W TC A TC;38;0;2;12;542;1
077001;CONTROL DSH WLS PS3 NEGRA;38;50;26;25;543;1
050902;CORTAPICO LDNIO SC3604 2500W*3 + 6USB 17;38;45;9;26;544;1
010251;FLASH MEMORY SANDISK UL FIT 32GB;38;38;0;6;545;1
070031;MOUSE GENIUS DX-MINI CELESTE;38;39;0;24;546;1
043552;PARL ECCO T7 ROSA;38;54;17;30;547;1
044001;PARL LIDIMI LD S12019 NEGRO;38;39;0;27;548;1
07750;TECL GENIUS + MOUSE OP KM8206S;38;40;2;28;549;1
038701;AUDIF JBL DI TUNE H6 CAFE;37;37;0;26;550;1
032071;AUDIF LDNIO BT T03 BLANCO;37;37;1;28;551;1
09304;PALETA RICH EPU DOBLE;37;50;13;25;552;1
04388;"PARL CAFINI CN S6852AC/Z 8""";37;41;4;24;553;1
07313;ADAPT TP-LINK MINI USB ARCHER T2U;36;40;4;22;554;1
03816;AUDIF LDNIO BT T06 BLANCO;36;46;4;24;555;1
05504;AUTO CAR ENJOY TOGETHER V8;36;0;24;9;556;1
050802;AUTO HOLDER LDNIO MG01 NEGRO;36;0;0;16;557;1
02054;CABLE LDNIO LC101 PD TC A TC;36;0;0;6;558;1
05503;CARG VIAKING DE RELOJ 5W PD TIPO C;36;31;1;10;559;1
077012;CONTROL DSH WLS PS4 NEGRO;36;40;5;26;560;1
09301;PALETA RICH GRANDE;36;30;18;27;561;1
043723;PARL BOMBOX P172 ROJO;36;37;1;29;562;1
04336;PARL PORTABLE HF-885;36;36;0;19;563;1
04120;TV STICK 4K;36;2;0;12;564;1
038441;AUDIF JBL BT BUDS AIR2 NEGRO;35;34;2;22;565;1
05720;AUTO CAR EARLDOM BT ET-M97 TIPO C;35;35;0;13;566;1
02303;CABLE ECCO EC-30C NYLON 1M TIPO C;35;0;0;4;567;1
020593;CABLE IP LIGHT 60W 1M TC A TC;35;200;165;5;568;1
02230;CABLE LDNIO LC-16 65W 4 EN 1;35;50;19;10;569;1
04308;PARL ASTRON START LIGH MXS-003;35;1;0;25;570;1
043961;PARL LIDIMI LD 878 NEGRO;35;41;6;27;571;1
043761;PARL LIDIMI LD S648 AZUL;35;53;18;30;572;1
04373;PARL LIDIMI LD S820 NEGRO;35;35;0;28;573;1
07314;ADAPT TP-LINK USB ARCHER T2U NANO;34;46;12;22;574;1
03272;AUDIF ECCO DI EC-237 NEGRO;34;34;0;18;575;1
03871;AUDIF JBL DI TUNE 360 NEGRO;34;34;0;27;576;1
03815;AUDIF LDNIO BT T06 NEGRO;34;33;6;26;577;1
06019;BATERIA SAM J7;34;32;2;11;578;1
09104;EXHIBIDOR LAMINAS RICH;34;0;0;34;579;1
090125;"MAQUINA RICH 16"" CUP 4 RODILLOS";34;33;0;34;580;1
04267;PARL CS-8800 8 PULG;34;20;3;25;581;1
04371;PARL P PRO 16 NEGRO;34;34;0;26;582;1
99015;VARIOS PRODUCTOS;34;19;34;23;583;1
03911;AUDIF BT WIRELESS MI M10;33;60;27;13;584;1
03838;AUDIF LABUBU BT TWS 505 + RELOJ CAFE;33;38;5;25;585;1
03812;AUDIF LDNIO BT T08 BLANCO;33;36;5;28;586;1
070622;CAM TP-LINK TAPO C212;33;39;6;22;587;1
07700;CONTROL DSH WLS PS3 AZUL;33;0;0;24;588;1
07751;MOUSE GENIUS ECO8100 RECAR NEGRO;33;33;0;18;589;1
075001;TRIPODE JJ60;33;36;3;12;590;1
032721;AUDIF ECCO DI EC-237 BEIGE;32;51;19;21;591;1
038051;AUDIF LIVIN BT ZS-360 BLANCO;32;21;0;25;592;1
02550;CABLE DE ROUTER DE 5 A 12VL;32;3;417;9;593;1
052161;POWER BANK MAGNETIC IP 10000;32;100;68;8;594;1
038751;AUDIF SONY BT WF 805ANC NEGRO;31;31;0;23;595;1
050801;AUTO HOLDER LDNIO MW21 USB A C;31;45;19;12;596;1
02035;CABLE HDMI 5 MTS;31;83;57;16;597;1
02137;CABLE LDNIO LC211 65W TC A C;31;70;39;6;598;1
02109;CABLE LDNIO LS821 1M V8;31;0;18;7;599;1
090123;KIT ROLLO IMPRE RICH;31;18;0;31;600;1
070551;MOUSE JEDEL GAMER GM-850;31;0;0;12;601;1
04294;PARL AO-811;31;30;0;21;602;1
042851;PARL CHARGE 5 CAMUFLAJE;31;32;1;26;603;1
042854;PARL CHARGE 5 ROJO;31;32;0;23;604;1
043503;PARL KIMISO MINI M5 TURQUEZA;31;29;0;28;605;1
043501;PARL KIMISO MINI M5 VERDE MIL;31;31;0;26;606;1
04351;PARL KIMISO QS-1803 MED;31;32;1;21;607;1
04337;PARL KIMISO QS-1806;31;32;1;16;608;1
0409835;PARL PRO KMS-M12 ROSADO;31;31;0;21;609;1
043601;PARL SOONBOX + MICROF S65 NEGRO;31;36;5;28;610;1
024108;ADAPT LDNIO VARIAS PUNTAS Z7;30;40;12;8;611;1
038371;AUDIF CAPIBARA BT + RELOJ AZUL;30;42;12;25;612;1
03828;AUDIF LELISU DI LS-239 BEIGE;30;30;0;18;613;1
03835;AUDIF PEACH BT TWS-K15 ROSADO;30;30;2;16;614;1
030031;AUDIF SPORT ML YK800 BLANCO;30;0;0;13;615;1
010632;FLASH MEMORY SANDISK UL FIT 16GB;30;30;0;5;616;1
05553;MOTO CAR LDNIO 60W C108 TC A C;30;30;0;12;617;1
07124;MOUSE JEDEL GAMER CON CABLE GM691;30;30;0;11;618;1
070553;MOUSE JEDEL GAMER GM880;30;30;0;14;619;1
07003;MOUSE MICRO GENIUS TRAV NEGRO;30;32;3;16;620;1
04295;PARL AO-812;30;30;0;22;621;1
04296;PARL AO-813;30;30;0;23;622;1
043725;PARL BOMBOX P172 GRIS;30;30;1;28;623;1
04330;PARL CS-4426 4PUL;30;30;0;21;624;1
04331;PARL MS-3625 BT;30;30;0;20;625;1
0409836;PARL PRO KMS-M12 VERDE;30;30;0;24;626;1
04352;PARL SPEAKER MS-3633;30;30;0;22;627;1
04945;SMARTWATCH LDNIO SW01 NEGRO;30;32;5;27;628;1
03852;AUDIF DIAD ECCO EC-T21 NEGRO;29;25;0;20;629;1
03053;AUDIF INPODS GRIS;29;40;14;19;630;1
038301;AUDIF LIVIN BT E18 NEGRO;29;30;2;20;631;1
031542;AUDIF SAM BUDS LIVE DORADO;29;26;0;22;632;1
07094;CAM TP-LINK TAPO EXT C310;29;37;8;21;633;1
99008;EXHIBIDOR LDNIO GRANDE;29;5;7;28;634;1
05253;CARG LDNIO 30W A2317C 3.0 TC A TC;28;0;0;2;635;1
05162;CARG SAMSUNG 45W TC A TC BLANCO;28;0;0;8;636;1
99003;ESFERO PROMO;28;98;567;11;637;1
01005;MICRO SD KINGSTON 100 MB/S 256GB;28;29;0;18;638;1
07752;MOUSE GENIUS ECO8100 RECAR AZUL;28;28;0;17;639;1
070552;MOUSE JEDEL GAMER GM830;28;0;0;15;640;1
0425013;PARL ES-300 VERDE;28;20;3;20;641;1
04375;PARL LIDIMI LD 875 NEGRO;28;28;0;25;642;1
043611;PARL SOONBOX + MICROF S66 NEGRO;28;36;8;25;643;1
073012;ROUTER MERCUSYS 300MBPS MW301R 2 ANT;28;30;2;17;644;1
04972;SMARTWATCH ROCK 005 +BAT NEGRO;28;38;10;26;645;1
03901;AUDIF JBL BT MINI 5S BLANCO;27;29;2;16;646;1
03810;AUDIF LDNIO BT T07 BLANCO;27;32;5;21;647;1
038401;AUDIF SAMSUNG BT BUDS2 PRO NEGRO;27;45;14;18;648;1
02159;CABLE EARLDOM AUX 81 1M RCA;27;50;23;7;649;1
042852;PARL CHARGE 5 NEGRO;27;32;0;23;650;1
04974;SMARTWATCH KW900 NEGRO;27;28;0;22;651;1
080051;TINTA EPSON 544 JUEGO X 4 ORIG;27;36;11;17;652;1
033503;AUDIF MDR-XB960BT DI GRIS;26;0;0;23;653;1
05561;AUTO CAR LDNIO 60W C3 TC A C;26;75;49;11;654;1
02072;CABLE IP 4;26;0;105;6;655;1
090128;MAQUINA RICH MINI BLACK;26;46;18;25;656;1
0425012;PARL ES-300 ROJO;26;19;0;19;657;1
043981;PARL LIDIMI LD 706 NEGRO;26;39;13;21;658;1
043712;PARL P PRO 16 CAMUFLAJE;26;26;0;23;659;1
02157;ADAPT EARLDOM W34 TC + HDMI;25;20;0;16;660;1
03876;AUDIF DI BST BT500 BT;25;30;5;12;661;1
03903;AUDIF JBL BT K80 NEGRO;25;40;15;18;662;1
05556;CARG LDNIO 25W A2423 TIPO C A C;25;25;0;8;663;1
050901;CORTAPICO LDNIO SC5614 2500W*5 + 6USB 17;25;12;0;15;664;1
04397;PARL CAFINI 6783;25;25;0;16;665;1
043622;PARL COLORFUL + MICROF K12 VERDE;25;28;3;19;666;1
043553;PARL ECCO T7 CAFE;25;30;5;21;667;1
0425011;PARL ES-300 AZUL;25;20;0;18;668;1
043731;PARL LIDIMI LD S820 AZUL;25;25;0;23;669;1
04353;PARL SPEAKER MS-3623;25;26;1;20;670;1
03826;AUDIF CAFINI BT A7706 BLANCO;24;25;0;12;671;1
03837;AUDIF CAPIBARA BT + RELOJ CAFE;24;25;2;20;672;1
038611;AUDIF ECCO EC-T36 NEGRO;24;100;77;10;673;1
038432;AUDIF JBL BT TUNE 804 NEGRO;24;24;0;21;674;1
03874;AUDIF JBL BT TWS U331 BLANCO;24;24;0;16;675;1
07132;CAM SANCI MINI ESPIA;24;42;19;15;676;1
070042;MOUSE GENIUS NX-7005 USB AZUL;24;23;0;22;677;1
04362;PARL COLORFUL + MICROF K12 BEIGE;24;26;2;20;678;1
04325;PARL JBR-08;24;24;0;17;679;1
04326;PARL JBR-09;24;24;0;16;680;1
043505;PARL KIMISO MINI M5 ROSADO;24;26;0;19;681;1
04292;PARL KIMISO QS-3628 2000W;24;24;2;14;682;1
04968;RELOJ SMART ZQ ULTRA 2 NEGRO;24;0;0;18;683;1
07008;TECLADO QUASAD PLANO QK440C BLACK;24;0;0;12;684;1
09106;ALFOMBRA RICH ANTI SLIP;23;50;38;18;685;1
038811;AUDIF JBL BT TWS BT36 NEGRO;23;30;7;13;686;1
038741;AUDIF JBL BT TWS U331 NEGRO;23;23;0;15;687;1
038273;AUDIF LELISU BT LS519 NEG/BLAN;23;30;0;19;688;1
038393;AUDIF SAMSUNG BT K93 NEGRO;23;25;0;14;689;1
077011;CONTROL DSH WLS PS4 ROJO;23;20;6;19;690;1
050904;CORTAPICO LDNIO SC3412 2500W* 3USB 1TC 3;23;30;7;18;691;1
01031;DDS KINGSTON A400 480GB;23;20;0;10;692;1
043621;PARL COLORFUL + MICROF K12 ROSA;23;26;3;19;693;1
07612;PARL JEDEL CPU S-550;23;60;37;17;694;1
043713;PARL P PRO 16 AZUL;23;23;0;19;695;1
04361;PARL SOONBOX + MICROF S66 AZUL;23;27;5;18;696;1
05889;POWER BANK LDNIO PQ20 20000 mAh;23;16;0;15;697;1
07120;TECL + MOUSE JEDEL WIR WS671+;23;23;0;18;698;1
05306;ADAPT EARLDOM OT82 4 EN 1;22;20;0;11;699;1
03647;AUDIF ANSTY ML E002 BLANCO;22;100;78;5;700;1
03273;AUDIF ECCO DI E35 NEGRO;22;30;8;17;701;1
038610;AUDIF ECCO EC-T36 BLANCO;22;200;178;11;702;1
03051;AUDIF INPODS VERDE;22;21;3;13;703;1
038451;AUDIF SE ONE BT NEGRO;22;22;0;13;704;1
05901;AUTO HOLDER EARLDOM ET-EH221;22;45;23;8;705;1
051222;AUTO HOLDER LDNIO 15W MA30-1 NEGRO;22;37;15;8;706;1
057003;POWER BANK ANSTY AP-075 20000;22;50;28;14;707;1
05216;POWER BANK MAGNETIC IP 5000;22;150;128;6;708;1
073011;ROUTER MERCUSYS MW306R 3 ANT;22;30;8;15;709;1
07306;ROUTER TP-LINK AC1200 WI-FI 4 ANT C64;22;21;0;18;710;1
049461;SMARTWATCH LDNIO DAMA SW02 DORADO;22;26;4;19;711;1
033501;AUDIF MDR-XB960BT DI ROJO;21;20;1;15;712;1
03910;AUDIF MOVISUN BT TW-2 NEGRO;21;49;28;13;713;1
04332;PARL MS-3627 BT;21;21;0;15;714;1
043602;PARL SOONBOX + MICROF S65 ROJO;21;27;7;21;715;1
04941;RELOJ SMART T20 PROMAX;21;40;21;15;716;1
04975;SMARTWATCH GF68 NEGRO;21;21;1;16;717;1
049721;SMARTWATCH ROCK 005 +BAT VERDE;21;32;11;19;718;1
05307;ADAPT EARLDOM OT80 USB-C-V8-IP;20;20;0;6;719;1
03872;AUDIF AIR A11 PRO BT NEGRO;20;20;0;15;720;1
037501;AUDIF ALTEC GAMING ALGH9603 SIN LUCES;20;20;0;13;721;1
03752;AUDIF ALTEC GAMING DI ALGH9604;20;20;0;13;722;1
038521;AUDIF ECCO DI EC-T21 LILA;20;13;0;17;723;1
038522;AUDIF ECCO DI EC-T21 VERDE;20;11;0;18;724;1
03049;AUDIF INPODS CELESTE;20;29;12;14;725;1
038422;AUDIF JBL BT K83 NEGRO;20;19;0;18;726;1
038412;AUDIF JBL BT QZ11 NEGRO;20;20;0;18;727;1
038334;AUDIF LELISU DI LS-257 NEGRO;20;20;0;16;728;1
03846;AUDIF SAMSUNG BT RD4;20;20;0;13;729;1
05900;AUTO HOLDER EARLDOM ET-EH190;20;38;18;7;730;1
02207;CABLE LDNIO LS852 25W IOS;20;20;0;1;731;1
070628;CAM TP-LINK TAPO C530WS;20;23;3;16;732;1
05362;CARG LDNIO 45W Q2420 TC A C;20;20;0;8;733;1
04370;PARL BOMBOX 905 NEGRO;20;20;0;15;734;1
04364;PARL CAFINI CN - S6759;20;20;0;12;735;1
04317;PARL CHARGE MINI 3 NEGRO;20;0;0;14;736;1
07603;PARL CPU JEDEL CK4;20;0;0;9;737;1
07610;PARL GENIUS CPU SP-HF 180 CAFE;20;20;1;18;738;1
07611;PARL GENIUS CPU SP-HF 180 NEGRO;20;20;0;19;739;1
04360;PARL SOONBOX + MICROF S65 AZUL;20;27;8;20;740;1
04354;PARL SPEAKER T&G-384 MINI;20;20;0;15;741;1
09030;REGULADOR CDP R2CU-AVR1008 4USB FRONTAL;20;20;0;8;742;1
01063;SANDISK ULTRA FIT 32 GB;20;0;0;7;743;1
04946;SMARTWATCH LDNIO DAMA SW02 GRIS;20;25;5;17;744;1
049481;SMARTWATCH LDNIO SW05 NEGRO;20;25;6;19;745;1
07110;TECL GENIUS SLIM STAR 820 ILUMIN;20;20;0;13;746;1
070403;TECLADO JEDEL RETROILU K500+;20;20;0;7;747;1
038721;AUDIF AIR A11 PRO BT CELESTE;19;20;1;14;748;1
038722;AUDIF AIR A11 PRO BT NARANJA;19;20;0;15;749;1
038608;AUDIF ECCO EC-T37 BLANCO;19;100;81;15;750;1
038609;AUDIF ECCO EC-T37 NEGRO;19;100;81;13;751;1
038381;AUDIF LABUBU BT TWS 505 + RELOJ ROSADO;19;19;0;14;752;1
038231;AUDIF LDNIO NECK N02 NEGRO;19;29;10;15;753;1
038271;AUDIF LELISU BT LS519 BLANCO;19;20;0;17;754;1
03827;AUDIF LELISU BT LS519 NEGRO;19;20;1;16;755;1
038272;AUDIF LELISU BT LS519 ROSADO;19;10;0;14;756;1
031854;AUDIF P47 DI VERDE;19;23;4;13;757;1
03875;AUDIF SONY BT WF 805ANC BLANCO;19;19;0;15;758;1
039271;AUDIF SONY DI XB-57 SILVER;19;0;0;16;759;1
050806;AUTO HOLDER LDNIO MG13 NEGRO;19;50;31;8;760;1
04334;PARL BT E8805;19;20;1;14;761;1
04285;PARL CHARGE 5 AZUL;19;32;6;17;762;1
043172;PARL CHARGE MINI 3 AZUL;19;0;0;13;763;1
04314;PARL KIMISO QS-4609;19;0;0;14;764;1
040122;PARL LDNIO WIRELESS BTS12 GRIS;19;30;12;14;765;1
04398;PARL LIDIMI LD 706 AZUL;19;22;3;15;766;1
049471;SMARTWATCH LDNIO DAMA SW03 ROJO;19;20;1;17;767;1
03648;AUDIF ANSTY ML E065 TIPO C;18;200;182;2;768;1
03853;AUDIF ECCO DI EC-T22 NEGRO;18;12;0;12;769;1
03829;AUDIF LELISU DI AUX LS-252 BEIGE;18;20;1;12;770;1
038402;AUDIF SAMSUNG BT BUDS2 PRO LILA;18;21;3;12;771;1
07099;CAM LIVIN WIFI 2 ANT JW1020S;18;0;0;12;772;1
055021;CARG AUTO VIAKING BT 3.1A MP3 CAR CHARGE;18;0;0;3;773;1
07701;CONTROL DOUBLESHOCK WIRELESS PS4 AZUL;18;0;1;14;774;1
072011;MOUSE GENIUS NX 7009 NEGRO;18;20;0;9;775;1
043722;PARL BOMBOX P172 CAMUFLAGE;18;32;14;8;776;1
04345;"PARL KIMISO QS-2215 1200W 2x8""";18;18;0;14;777;1
049491;SMARTWATCH LDNIO SW04 NEGRO;18;26;5;17;778;1
024113;ADAP LDNIO HUB DS-64C 4 EN 1 TC;17;50;33;8;779;1
038372;AUDIF CAPIBARA BT + RELOJ ROSADO;17;17;0;15;780;1
038421;AUDIF JBL BT K83 BLANCO;17;16;0;14;781;1
03840;AUDIF SAMSUNG BT BUDS2 PRO BLANCO;17;17;0;12;782;1
05276;CARG LDNIO 30W A2527C TC A IOS;17;20;3;5;783;1
99006;CORDONES DE ID PROMO;17;0;220;13;784;1
050903;CORTAPICO LDNIO SU8440 3USB 1PD 8 TOMAS;17;0;0;14;785;1
07186;MOUSE QUASAD QM-610 WIRL NEGRO;17;160;143;8;786;1
07253;MOUSE YELANDAR INALAM ERGON BW100;17;30;13;9;787;1
043711;PARL P PRO 16 BEIGE;17;18;4;14;788;1
04947;SMARTWATCH LDNIO DAMA SW03 GRIS;17;21;4;17;789;1
07116;TECL QUASAD QC2500i COMBO BLACK;17;20;3;9;790;1
99009;AFICHES PLASTICOS PROMO;16;0;0;11;791;1
036471;AUDIF ANSTY ML E002 NEGRO;16;100;84;4;792;1
03844;AUDIF JBL BT BUDS AIR2 BLANCO;16;16;0;15;793;1
038711;AUDIF JBL DI TUNE 360 BEIGE;16;16;0;12;794;1
03927;AUDIF SONY XB-57 NEGRO;16;0;1;13;795;1
02117;CABLE HDMI 10 Mts;16;30;14;10;796;1
050887;CARG LDNIO LAMPARA LED Y3 INALAMBRICO;16;0;0;11;797;1
09015;FUENTE DE PODER ALTEK MINI ITX900W;16;16;0;11;798;1
04320;PARL HONGFU HF-626 5P X2;16;0;3;14;799;1
043612;PARL SOONBOX + MICROF S66 ROJO;16;27;12;16;800;1
049681;RELOJ SMART ZQ ULTRA 2 NARANJA;16;0;1;10;801;1
07301;ROUTER MERCUSYS INALAM MW302R 2 ANT.;16;12;0;10;802;1
07311;ROUTER TP-LINK AC1200 DOBLE BANDA C50;16;16;0;11;803;1
049731;SMARTWATCH ROCK 001 13 EN 1 GRIS;16;25;9;15;804;1
03216;AUDIF JBL B-RA16;15;0;0;2;805;1
03842;AUDIF JBL BT K83 AZUL;15;15;0;8;806;1
03841;AUDIF JBL BT QZ11 AZUL;15;15;0;13;807;1
038411;AUDIF JBL BT QZ11 BLANCO;15;15;0;12;808;1
038551;AUDIF JBL DI TUNE 510 ROJO;15;15;0;13;809;1
038553;AUDIF JBL DI TUNE 510 ROSADO;15;15;0;15;810;1
03212;AUDIF SONY B-RA14;15;0;4;2;811;1
050807;AUTO HOLDER LDNIO MG08;15;15;0;3;812;1
07098;CAM LIVIN WI FI 1080P JW3120S;15;8;1;12;813;1
077002;CONTROL DSH WLS PS3 ROJA;15;25;10;9;814;1
010561;DDS WESTERN DIGITAL 1TB;15;14;0;14;815;1
07251;MOUSE EARLDOM ERGO KM4;15;30;15;8;816;1
050117;POWER BANK LDNIO PQ16 10000 mAh;15;24;9;8;817;1
05885;POWER BANK LDNIO PQ25 10000 22.5W;15;32;8;13;818;1
04971;SMARTWATCH D99 PLUS DORADO;15;16;1;14;819;1
049701;SMARTWATCH LAXASFIT + GAFAS 6C NEGRO;15;15;0;13;820;1
04973;SMARTWATCH ROCK 001 13 EN 1 NEGRO;15;25;10;15;821;1
03147;AUDIF INPODS AMARILLO;14;20;9;11;822;1
038431;AUDIF JBL BT TUNE 804 LILA;14;14;0;13;823;1
038803;AUDIF JBL DI TOUR ONE M4 NEGRO;14;40;26;12;824;1
038341;AUDIF LELISU DI LS-231 AZUL;14;15;1;12;825;1
030033;AUDIF SPORT YK800 DORADO;14;0;0;8;826;1
02064;CABLE LDNIO LS592 CORDON 2M V8;14;0;0;3;827;1
070630;CAM MERCUSYS C510 WIFI 2K 360GR;14;15;1;6;828;1
05686;CARG ANSTY 22.5W Q049 TIPO C;14;200;185;6;829;1
05190;CARG LDNIO A1508C TC A C;14;50;50;3;830;1
990081;EXHIBIDOR LDNIO PEQUEÑO;14;17;23;14;831;1
01100;FLASH EXODIA K 3,2 256GB;14;11;0;10;832;1
090124;"MAQUINA RICH 13"" CUP 3 RODILLOS";14;14;0;14;833;1
04013;PARL BT 6201/6203 + APP CONTROL;14;14;0;14;834;1
042661;PARL CS-8803 8PULG X2;14;14;0;12;835;1
043104;PARL JC 600 LILA;14;14;0;9;836;1
043103;PARL JC 600 PLOMO;14;14;0;7;837;1
04347;"PARL KOLAV XH2801 2080W 8""x2";14;12;0;13;838;1
049712;SMARTWATCH D99 PLUS NEGRO;14;16;2;13;839;1
049713;SMARTWATCH D99 PLUS ROSADO;14;19;5;13;840;1
04970;SMARTWATCH LAXASFIT + GAFAS 6C GRIS;14;15;1;11;841;1
049451;SMARTWATCH LDNIO SW01 GRIS;14;17;4;13;842;1
038523;AUDIF ECCO DI EC-T21 ROSADO;13;13;1;12;843;1
039031;AUDIF JBL BT K80 NARANJA;13;16;3;11;844;1
03823;AUDIF LDNIO NECK N02 BLANCO;13;21;8;12;845;1
038052;AUDIF LIVIN BT ZS-360 ROSADO;13;6;0;9;846;1
033504;AUDIF MDR-XB960BT DI AZUL;13;5;0;12;847;1
02158;CABLE EARLDOM AUX 80 1M TC Y IP;13;100;87;5;848;1
070626;CAM TP-LINK TAPO C320WS;13;16;3;11;849;1
01070;FLASH MEMORY ECCO OTG + TIPO C 16GB;13;0;0;5;850;1
04394;"PARL CAFINI CN S6706 4""";13;13;0;8;851;1
04402;"PARL LINY XY S6736 4""";13;41;28;9;852;1
04948;SMARTWATCH LDNIO SW05 BLANCO;13;16;4;12;853;1
07352;SWITCH TP LINK LS1008 8 POR;13;11;0;7;854;1
032491;AUDIF CAPIBARA BT TWS004;12;12;0;8;855;1
03843;AUDIF JBL BT TUNE 804 BLANCO;12;12;0;11;856;1
03870;AUDIF JBL DI TUNE H6 BEIGE;12;12;0;10;857;1
03249;AUDIF LABUBU BT TWS003;12;12;1;8;858;1
038391;AUDIF SAMSUNG BT K93 ROSADO;12;12;1;9;859;1
039092;AUDIF SAMSUNG BT TWS A1 NEGRO;12;22;12;8;860;1
039122;AUDIF SONY DI -1000XM20 NEGRO;12;50;38;9;861;1
051321;CARG LDNIO 100W ESCRIT A4809C;12;13;1;9;862;1
05291;CARG LDNIO 25W AW005 RELOJ 5V;12;12;0;4;863;1
077014;CONTROL DSH WLS PS4 DISEÑO GRIS;12;15;3;11;864;1
09016;FUENTE DE PODER ALTEK ATX 900W 24P;12;60;48;5;865;1
04395;PARL CAFINI CN 6714;12;25;13;10;866;1
043171;PARL CHARGE MINI 3 ROJO;12;0;0;9;867;1
04403;PARL GREATNICE GTS-1797;12;49;37;7;868;1
04348;PARL KIMISO QS-3629 2000W;12;12;2;5;869;1
043011;PARL KIMISO QS-612 ROJO;12;0;0;12;870;1
043751;PARL LIDIMI LD 875 AZUL;12;12;0;10;871;1
04400;PARL LIDIMI LD S12019 AZUL;12;12;0;10;872;1
04289;PARL QS6802;12;12;0;10;873;1
04286;PARL SZ-8333 8800W 8.5P;12;12;0;10;874;1
050883;POWER BANK LDNIO PQ30 30000 mAh;12;15;0;8;875;1
049761;SMARTWATCH DP9 ROJO;12;13;1;11;876;1
049752;SMARTWATCH GF68 GRIS;12;12;1;11;877;1
036041;AUDIF AIRMAX DI ROJO;11;10;1;11;878;1
038533;AUDIF DIAD ECCO EC-T22 GRIS;11;0;1;7;879;1
039011;AUDIF JBL BT MINI 5S NEGRO;11;11;0;8;880;1
03908;AUDIF JBL BT TWS U53 BLANCO;11;11;0;9;881;1
03915;AUDIF JBL DI TUNE A16 NEGRO;11;60;49;8;882;1
039142;AUDIF JBL DI TUNE A666 NEGRO;11;52;41;11;883;1
03879;AUDIF LDNIO DI H01 NEGRO;11;30;19;9;884;1
038331;AUDIF LELISU DI LS-257 BLANCO;11;10;0;10;885;1
038333;AUDIF LELISU DI LS-257 CELESTE;11;24;1;11;886;1
038392;AUDIF SAMSUNG BT K93 BLANCO;11;11;0;9;887;1
07130;CAM 360 2 CAMARAS C VERDE;11;13;2;9;888;1
070624;CAM TP-LINK TAPO C510W;11;11;0;9;889;1
05811;CARG LDNIO 20W Q229 TURBO iOS;11;10;0;3;890;1
077003;CONTROL DSH WLS PS3 BLANCA;11;15;4;5;891;1
04389;"PARL CAFINI CN S6003AC W 8""";11;19;8;11;892;1
043102;PARL JC 600 AZUL;11;10;0;8;893;1
043012;PARL KIMISIO QS-612 BLANCO;11;0;0;11;894;1
04311;PARL KIMISO QS-2214;11;0;0;10;895;1
04230;PARL KIMISO QS-4611;11;0;0;9;896;1
04301;PARL KIMISO QS-612 NEGRO;11;0;0;11;897;1
07315;ROUTER MERCUSYS AX1500 MR62X 4 ANT;11;11;0;10;898;1
049763;SMARTWATCH DP9 GRIS;11;12;0;10;899;1
049751;SMARTWATCH GF68 AZUL;11;11;0;8;900;1
04949;SMARTWATCH LDNIO SW04 GRIS;11;13;5;10;901;1
049732;SMARTWATCH ROCK 001 13 EN 1 NARANJA;11;20;10;10;902;1
07350;SWITCH MERCUSYS ESCRITORIO 5 POR;11;11;0;9;903;1
024110;ADAPT LDNIO HUB DS-25H 5 EN 1 HDMI C USB;10;10;0;6;904;1
03830;AUDIF BT LIVIN E18 BEIGE;10;10;0;6;905;1
03825;AUDIF CAFINI A7707 ROSADO;10;10;0;7;906;1
038251;AUDIF CAFINI A7707 VERDE;10;10;0;9;907;1
038253;AUDIF CAFINI BT A7707 BLANCO;10;10;0;7;908;1
038252;AUDIF CAFINI BT A7707 CELESTE;10;10;0;8;909;1
038532;AUDIF DIAD ECCO EC-T22 VERDE;10;7;0;9;910;1
038552;AUDIF JBL DI TUNE 510 AZUL;10;10;0;9;911;1
038554;AUDIF JBL DI TUNE 510 BLANCO;10;10;0;10;912;1
03855;AUDIF JBL DI TUNE 510 NEGRO;10;10;0;7;913;1
039041;AUDIF SONY BT WF 806ANC LILA;10;10;0;8;914;1
051221;AUTO HOLDER LDNIO 15W MA23 NEGRO;10;10;0;2;915;1
02119;CABLE LDNIO LS891 25W TIPO C;10;0;0;1;916;1
07131;CAM 360 3 CAMARAS C LILA;10;15;5;9;917;1
05286;CARG LDNIO 65W Q4 C A C NEGRO;10;10;0;5;918;1
05279;CARG LDNIO Q2617 65W TC A C;10;10;0;3;919;1
077015;CONTROL DSH WLS PS4 DISEÑO ROJO;10;10;0;9;920;1
090122;IMPRESORA RICH;10;8;4;10;921;1
070811;MOUSE MICRO GENIUS TRAV PLATA;10;10;0;9;922;1
07081;MOUSE MICRO GENIUS TRAV RUBY;10;10;0;9;923;1
043724;PARL BOMBOX P172 LILA;10;10;0;9;924;1
04385;PARL CAFINI CN S6626 AC;10;13;3;9;925;1
04341;"PARL DPUS 8800W SZ-8336 8""";10;8;0;9;926;1
04306;PARL HONGFU HF-3303;10;0;4;8;927;1
040121;PARL LDNIO WIRELESS BTS12 NEGRO;10;15;5;9;928;1
04377;PARL P PRO 9 NEGRO;10;20;8;8;929;1
04344;PARL QL-8302;10;8;0;9;930;1
050882;POWER BANK LDNIO P10 10000 MAH;10;10;0;8;931;1
04950;RELOJ C39 ULTRA NEGRO;10;0;1;8;932;1
09037;SKIN DE DISEÑO ALTO RELIEVE - TABLET;10;0;0;1;933;1
07351;SWITCH MERCUSYS ESCRITORIO 8 POR;10;12;0;7;934;1
07009;TECL QUASAD QK480U PLANO;10;0;0;7;935;1
07300;ADAPTADOR TP-LINK INALAMBRICO WN821N;9;0;0;5;936;1
036043;AUDIF AIRMAX DI VERDE;9;0;0;8;937;1
038531;AUDIF DIAD ECCO EC-T22 BEIGE;9;7;0;8;938;1
03274;AUDIF ECCO DI E35 CAFE;9;10;1;8;939;1
03881;AUDIF JBL BT TWS BT36 BLANCO;9;10;1;7;940;1
039081;AUDIF JBL BT TWS U53 NEGRO;9;9;0;7;941;1
038332;AUDIF LELISU DI LS-257 ROSADO;9;10;2;9;942;1
039042;AUDIF SONY BT WF 806ANC NEGRO;9;30;21;6;943;1
03900;AUDIF SONY DI WH-XM65 NEGRO;9;30;21;7;944;1
03804;AUDIF WIRELESS GAMING YS-511;9;0;0;7;945;1
05505;AUTO CAR 2 P USB 1 TIPO C 4800mAx;9;0;0;3;946;1
06018;BATERIA J1 ACE;9;0;11;2;947;1
02191;CABLE LDNIO LC-97U 100W 3 EN 1;9;30;21;3;948;1
043701;PARL BOMBOX 905 AZUL;9;9;0;8;949;1
04302;PARL BT OUTDOOR KARAOKE GY-807;9;0;0;6;950;1
043504;PARL KIMISO MINI M5 VERDE CL;9;10;0;9;951;1
04309;PARL KIMISO QS-4001;9;0;0;7;952;1
04405;PARL LINY XY-6362 NEGRO;9;45;36;6;953;1
043714;PARL P PRO 16 ROJO;9;9;0;9;954;1
0409833;PARL PRO KMS-M12 CAMUFLAJE;9;0;0;7;955;1
04235;PARLANTE KIMISIO QS-222;9;0;0;7;956;1
049501;RELOJ C39 ULTRA BLANCO;9;0;0;7;957;1
049421;RELOJ SMART HK9 PRO BEIGE;9;19;11;8;958;1
049711;SMARTWATCH D99 PLUS PLATA;9;9;0;7;959;1
049741;SMARTWATCH KW900 AZUL;9;9;0;8;960;1
07563;TECL WIRELES PLEGABLE B023 BLANCO;9;0;0;9;961;1
07564;TECL WIRELES PLEGABLE B023 NEGRO;9;0;0;6;962;1
031081;AUDIF AIRPODS PRO 3RA GEN PANT;8;0;2;5;963;1
03364;AUDIF GAMER AKZ DI 020 AZUL;8;1;3;7;964;1
03366;AUDIF GAMER AKZ DI 022 ROSADO;8;1;4;7;965;1
038481;AUDIF RAINBOW BT TWS28 CELESTE;8;8;0;7;966;1
03845;AUDIF SE ONE BT BLANCO;8;8;0;6;967;1
03926;AUDIF SONY WH1000XM4 NEGRO;8;0;0;4;968;1
050741;AUTO HOLDER LDNIO 15W MA02;8;14;4;6;969;1
05278;CARG LDNIO 140W A6140C USB/TC;8;7;0;5;970;1
050886;CARG LDNIO 15W WL02 INAL TIPO C;8;0;0;6;971;1
090071;FUENTE DE PODER QUASAD MINI 850W;8;8;0;5;972;1
043991;PARL BOOM MS290 NEGRO;8;30;22;7;973;1
04387;"PARL CAFINI CN S11003AC W 8""";8;19;11;8;974;1
04380;PARL KIMISO QS-2211;8;8;0;5;975;1
04346;"PARL KIMISO QS-227 3000W 2x8""";8;8;0;8;976;1
04396;PARL LIDIMI LD 878 AZUL;8;8;0;8;977;1
050118;POWER BANK LDNIO PQ17 10000 mAh;8;15;7;6;978;1
050889;POWER BANK LDNIO PQ27 20000 mAh;8;12;6;3;979;1
07320;ROUTER TP-LINK AX1500 ARCHER AX12;8;17;9;8;980;1
049762;SMARTWATCH DP9 AZUL;8;8;0;7;981;1
049742;SMARTWATCH KW900 GRIS;8;8;0;8;982;1
07562;TECL WIRELES PLEGABLE B023 ROSADO;8;0;0;8;983;1
032722;AUDIF ECCO DI EC-237 GRIS;7;7;0;3;984;1
032723;AUDIF ECCO DI EC-237 VERDE;7;8;1;3;985;1
03932;AUDIF GAMER KRMG 2000;7;8;1;7;986;1
03934;AUDIF GAMER KRMG 9000;7;8;1;6;987;1
039071;AUDIF JBL BT TWS U39 BLANCO;7;31;24;7;988;1
03907;AUDIF JBL BT TWS U39 NEGRO;7;23;16;6;989;1
03880;AUDIF JBL DI TOUR ONE M4 AZUL;7;8;1;7;990;1
03914;AUDIF JBL DI TUNE A666 AZUL;7;21;14;7;991;1
03909;AUDIF SAMSUNG BT TWS A1 BLANCO;7;11;4;6;992;1
03904;AUDIF SONY BT WF 806ANC BLANCO;7;10;3;7;993;1
03720;AUDIFONO BT YS-9957;7;0;0;6;994;1
07047;CAM GENIUS Q6000 HD;7;4;3;5;995;1
010631;FLASH MEMORY SANDISK UL FIT 64 GB;7;7;0;2;996;1
04129;PARL BOCINA NSM-068 LUCES;7;0;1;7;997;1
04399;PARL BOOM MS290 AZUL;7;18;11;7;998;1
04303;PARL BT OUTDOOR KARAOKE GY-808;7;0;2;7;999;1
04386;"PARL CAFINI CN S6731AC 8""";7;19;12;7;1000;1
042853;PARL CHARGE 5 PLOMO;7;32;8;7;1001;1
07606;PARL JEDEL CPU S-576 x2;7;100;93;3;1002;1
04404;PARL LINY XY-6361 NEGRO;7;101;94;5;1003;1
04408;"PARL ZQS-2801 SING-E 8""x2";7;20;13;4;1004;1
04299;PARL ZQS-8312 SING-E;7;6;0;4;1005;1
050116;POWER BANK LDNIO PQ18 20000 mAh;7;12;5;4;1006;1
05890;POWER BANK LDNIO PQ24 20000 mAh;7;8;0;5;1007;1
07316;ROUTER MERCUSYS AC1200 MR30G 4 ANT;7;10;3;5;1008;1
07561;TECL MECANICO JEDEL KL89;7;0;0;5;1009;1
080052;TINTA EPSON 504 JUEGO X 4 ORIG;7;10;3;4;1010;1
03873;AUDIF AVENGERS BT BLANCO;6;6;0;5;1011;1
03363;AUDIF GAMER AKZ DI 020 ROJO;6;1;1;5;1012;1
03365;AUDIF GAMER AKZ DI 022 GRIS;6;1;8;5;1013;1
03367;AUDIF GAMER AKZ DI 022 VERDE;6;0;4;5;1014;1
03833;AUDIF LELISU DI LS-257 VERDE;6;6;1;6;1015;1
03848;AUDIF RAINBOW BT TWS28 ROSADO;6;6;0;5;1016;1
038482;AUDIF RAINBOW BT TWS28 VERDE;6;6;0;5;1017;1
03912;AUDIF SONY DI -1000XM20 AZUL;6;15;9;5;1018;1
99018;BANNER PEQ RICH;6;33;27;6;1019;1
02069;CABLE AUXILIAR ECONOMICO 1M;6;0;1;1;1020;1
02100;CABLE LDNIO LS651 1M V8;6;0;0;2;1021;1
05360;CARG LDNIO 30W Q2319 TC A C;6;20;14;4;1022;1
07354;"ESTUCHE LDNIO PARA LAPTOP 13"" A 16""";6;7;1;1;1023;1
073021;EXTEN TP-LINK WI-FI EN MALLA AC1200 300;6;12;7;6;1024;1
01006;MICRO SD KINGSTON 100 MB/S 512GB;6;6;0;6;1025;1
07182;MOUSE GENIUS ECO8150 OP WIR RECAR NEGRO;6;6;0;4;1026;1
07184;MOUSE GENIUS ECO8150 OP WIR RECAR ROJO;6;6;0;4;1027;1
070732;MOUSE GENIUS ERGO 8250S NEGRO/DORADO;6;6;0;5;1028;1
070731;MOUSE GENIUS ERGO 8250S NEGRO/PLATA;6;6;0;4;1029;1
07188;MOUSE QUASAD WIRL QME-V10 GRIS;6;6;0;4;1030;1
043173;PARL CHARGE MINI 3 VERDE;6;0;0;3;1031;1
04305;PARL HONGFU HF-3301;6;0;1;5;1032;1
043100;PARL JC 600 NEGRO;6;8;0;4;1033;1
043773;PARL P PRO 9 ROJO;6;10;4;6;1034;1
050881;POWER BANK LDNIO PQ12 10000 MAGNETIC;6;9;3;2;1035;1
07305;ROUTER TP-LINK DOBLE BANDA AC750 4 ANT.;6;3;0;3;1036;1
049753;SMARTWATCH GF68 NARANJA;6;6;0;5;1037;1
070122;TECL NUMERICO 125 TIPO C;6;6;0;4;1038;1
038731;AUDIF AVENGERS BT ROJO;5;5;0;4;1039;1
03360;AUDIF GAMER AKZ DI 020 GRIS;5;1;1;4;1040;1
03361;AUDIF GAMER AKZ DI 020 VERDE;5;0;0;4;1041;1
03906;AUDIF JBL BT MG 831 AZUL;5;5;0;4;1042;1
039061;AUDIF JBL BT MG 831 BLANCO;5;15;10;4;1043;1
038802;AUDIF JBL DI TOUR ONE M4 BLANCO;5;5;0;5;1044;1
038342;AUDIF LELISU DI LS-231 VERDE;5;5;0;5;1045;1
033502;AUDIF MDR-XB960BT DI VERDE;5;5;0;4;1046;1
039051;AUDIF SAMSUNG DI LEVEL S32 NEGRO;5;13;8;5;1047;1
030091;AUDIFONO MDR-XB450 BLANCO;5;0;0;4;1048;1
02304;CABLE ECCO EC-30M CORDON 1M V8;5;0;0;2;1049;1
05361;CARG LDNIO 30W Q2319 TC A IP;5;10;5;3;1050;1
05131;CARG LDNIO 32W A3513Q 2USB 3.0 V8;5;0;0;1;1051;1
05363;CARG LDNIO 45W Q2420 TC A IP;5;10;5;3;1052;1
05132;CARG LDNIO ESCRITORIO 65W A4808Q;5;8;3;1;1053;1
077013;CONTROL DSH WLS PS4 DISEÑO BLANCO;5;5;0;3;1054;1
010271;FLASH MEMORY SANDISK 128GB;5;5;0;3;1055;1
09101;LAPIZ PARA LAMINAS RICH;5;0;1;4;1056;1
08038;LIQUIDO LIMPIEZA CABEZAL IMPRESORA;5;5;0;5;1057;1
04132;PARL ECCO BT9 ROJO FM+USB;5;0;0;3;1058;1
04133;PARL ECCO BT9 VERDE FM+USB;5;0;0;2;1059;1
04381;"PARL GEDI-G GD1416 10""";5;6;3;4;1060;1
043401;"PARL SING-E 6000mAh ZQS8309 8""";5;0;1;4;1061;1
04333;PARL STRIP LIGHT NDR822;5;6;0;5;1062;1
049743;SMARTWATCH KW900 NARANJA;5;5;0;4;1063;1
07353;SWITCH TP LINK LS1005 5 POR;5;5;0;3;1064;1
075011;VENTILADOR LAPTOP HURRICANE-4 NCP-784;5;0;0;4;1065;1
032381;AUDIF BT DAMIX M25;4;0;7;2;1066;1
039251;AUDIF JBL DI J32 BEIGE;4;3;0;3;1067;1
038801;AUDIF JBL DI TOUR ONE M4 BEIGE;4;7;3;4;1068;1
038911;AUDIF LDNIO BT T11 NEGRO;4;19;15;2;1069;1
03878;AUDIF LDNIO DI H01 BLANCO;4;10;6;4;1070;1
039021;AUDIF SAMSUNG BT GALAXI BUDS3 NEGRO;4;20;16;2;1071;1
030112;AUDIF VIAKING MACARON MINI BT VBT17 NEGR;4;0;0;1;1072;1
032614;AUDIFONO ECCO BT11 LILA;4;0;0;3;1073;1
032612;AUDIFONO ECCO BT11 ROSADO;4;0;1;3;1074;1
03191;AUDIFONOS REDMI AIRDOTSPRO ROJO;4;0;0;1;1075;1
02150;CABLE AUXIL LDNIO LS-Y01 CORDON 1M;4;0;0;1;1076;1
07048;CAM GENIUS FACE 1000X V2;4;0;0;4;1077;1
070629;CAM TP-LINK TAPO C246 DUAL LENTS;4;6;2;4;1078;1
070625;CAM TP-LINK TAPO C520WS;4;4;0;3;1079;1
01043;DDS KINGSTON A400 960GB;4;3;0;2;1080;1
010651;ENCLOSURE ARGOM AC-1038 M.2 USB TC;4;4;0;3;1081;1
99004;ENVIO;4;0;9999929;4;1082;1
99005;GORRAS PROMO;4;0;24;4;1083;1
03504;MICROF EARLDOM MC3C USB-C;4;2;0;3;1084;1
07039;MOUSE JEDEL CP72;4;0;0;1;1085;1
04406;PARL CAFINI CN-Z5963 NEGRO;4;51;47;4;1086;1
04342;"PARL GY-8818G 8.5""x3";4;4;1;3;1087;1
043771;PARL P PRO 9 AZUL;4;20;16;4;1088;1
04343;"PARL SING-E 18000W ZQS8313 8""x3";4;4;1;3;1089;1
04976;SMARTWATCH DP9 NEGRO;4;4;0;3;1090;1
077501;TECL GENIUS SLIMSTART 7250BT;4;7;6;3;1091;1
071221;TECL JEDEL + MOUSE GK106 BLANCO;4;20;16;3;1092;1
070492;TECL JEDEL GAMING K505;4;25;21;2;1093;1
070402;TECL JEDEL RETROILU K510;4;20;16;3;1094;1
07117;TECL LOGITECH K120 NEGRO;4;20;16;4;1095;1
07096;TECLADO GENIUS SLIMSTAR 126 WIRED MULTIM;4;0;0;1;1096;1
032032;AUDIF BT TWS M9 BLANCO;3;0;1;2;1097;1
03250;AUDIF ECCO ML EC-S8;3;22;18;1;1098;1
03251;AUDIF ECCO ML MI-08 TIPO C;3;0;0;2;1099;1
03933;AUDIF GAMER KRMG 6000;3;8;5;3;1100;1
039062;AUDIF JBL BT MG 831 NEGRO;3;3;0;3;1101;1
039141;AUDIF JBL DI TUNE A666 BLANCO;3;28;25;3;1102;1
039143;AUDIF JBL DI TUNE A666 ROJO;3;19;16;3;1103;1
03134;AUDIF REALME DI LY-021 NEGRO;3;0;0;2;1104;1
03902;AUDIF SAMSUNG BT GALAXI BUDS3 BLANCO;3;10;7;1;1105;1
039091;AUDIF SAMSUNG BT TWS A1 NARANJA;3;3;0;1;1106;1
039121;AUDIF SONY DI -1000XM20 BEIGE;3;15;12;3;1107;1
036020;AUDIF SONY DI WH-CHT580 AZUL;3;0;0;3;1108;1
0360202;AUDIF SONY WH-CHT580 BLANCO;3;0;0;3;1109;1
039261;AUDIF SONY WH1000XM4 BEIGE;3;0;0;2;1110;1
02036;CABLE LDNIO AUX LS-Y02 PVC 1M;3;0;0;2;1111;1
99002;CAMISETA PROMO;3;0;2;3;1112;1
052101;CARG 120W USB A TIPO C;3;0;0;2;1113;1
050002;CARG LDNIO 18W A1306Q 3.0 IOS;3;0;0;1;1114;1
05083;CARG NOVA 2.0 AMP TIPO C;3;0;2;1;1115;1
01049;DDS KINGSTON M2 500GB;3;3;0;3;1116;1
99017;EXHIBIDOR ANSTY GRANDE;3;5;1;3;1117;1
073022;EXTEN TP-LINK WI-FI MESH AC750 300MBPS;3;2;0;3;1118;1
03503;MICROF MINI EARLDOM USB-C E39;3;0;0;2;1119;1
03502;MICROFONO MINI EARLDOM 3.5mm E38;3;0;0;1;1120;1
07211;MOUSE JEDEL WIRELESS WD100;3;0;3;2;1121;1
043992;PARL BOOM MS290 ROJO;3;11;8;3;1122;1
040981;PARL BT MS-1753;3;0;1;2;1123;1
043101;PARL JC 600 ROJO;3;2;0;3;1124;1
04401;"PARL LINY XY S6726 4""";3;25;22;2;1125;1
04223;PARL MS-2229 BT NEGRO;3;0;-1;3;1126;1
043772;PARL P PRO 9 BEIGE;3;10;7;3;1127;1
043774;PARL P PRO 9 CAMUFLAJE;3;15;12;3;1128;1
04409;"PARL QL 1529 15""x1";3;8;5;1;1129;1
07303;ROUTER MERCUSYS 300MBPS MW305R;3;0;1;2;1130;1
049764;SMARTWATCH DP9 VERDE;3;3;0;3;1131;1
075502;TECLADO DE TABLET JB330 BLANCO;3;0;0;2;1132;1
07566;TECLADO Y MOUSE KIT INALAMBRICO NEGRO;3;0;0;2;1133;1
038524;AUDIF DIAD ECCO EC-T21 AZUL;2;2;0;2;1134;1
03362;AUDIF GAMER AKZ 020 NEGRO;2;0;0;1;1135;1
03891;AUDIF LDNIO BT T11 BEIGE;2;17;15;1;1136;1
03839;AUDIF SAMSUNG BT K93 AZUL;2;2;0;2;1137;1
039301;AUDIF SONY DI XB-D90 ROSADO;2;0;0;2;1138;1
03930;AUDIF SONY DI XB-D90 VERDE;2;0;0;2;1139;1
02306;CABLE ECCO EC-30C CORDON 1M TIPO C;2;0;0;1;1140;1
02305;CABLE ECCO EC-30L CORDON 1M IOS;2;3;7;2;1141;1
020931;CABLE LDNIO LC611C TIPO C A TIPO C;2;0;0;1;1142;1
02093;CABLE LDNIO LS611 1M TIPO C;2;0;0;1;1143;1
09107;CALIBRADOR RICH;2;0;3;2;1144;1
05290;CARG LDNIO 120W Q605 ESCRI USB Y C;2;6;4;2;1145;1
05400;CARG MI 67W GAN TC A TC;2;0;0;1;1146;1
05023;CARG NOVA 2.0 AMP V8;2;0;3;1;1147;1
09109;CARGADOR MAQUINA RICH;2;4;2;2;1148;1
01050;DDS KINGSTON M2 1TB;2;2;0;2;1149;1
99019;EXHIBIDOR ANSTY PEQUEÑO;2;6;4;2;1150;1
090081;EXHIBIDOR LDNIO PEQUEÑO;2;0;0;2;1151;1
99010;FUNDA DE PAPEL LDNIO REGALO;2;0;28;2;1152;1
09012;MAQUINA DE LAMINAS DE HYDROGEL RICH;2;0;0;2;1153;1
07102;MOUSE BT 3100;2;0;0;1;1154;1
07252;MOUSE EARLDOM INALAM KM7;2;30;28;2;1155;1
07400;MOUSE ERGONOMIC NEGRO CON CABLE;2;0;0;2;1156;1
04131;PARL ECCO BT9 AZUL FM+USB;2;0;0;2;1157;1
044202;PARL ECHO 5TA GEN ALEXA NEGRO;2;6;4;1;1158;1
04310;PARL GY-8809G 6000W;2;0;0;2;1159;1
07097;TECL GENIUS KM8101 + MOUSE OPT;2;0;0;2;1160;1
034041;AUDIF EARLDOM ML ET-BH67;1;10;9;1;1161;1
03012;AUDIF IPH ACRI ML T ECONO;1;0;0;1;1162;1
03905;AUDIF SAMSUNG DI LEVEL S32 BLANCO;1;1;0;1;1163;1
039303;AUDIF SONY DI XB-D90 LILA;1;0;0;1;1164;1
039302;AUDIF SONY DI XB-D90 NEGRO;1;0;1;1;1165;1
03602;AUDIF SONY WH-CHT580 NEGRO;1;0;0;1;1166;1
039262;AUDIF SONY WH1000XM4 AZUL;1;0;0;1;1167;1
03700;AUDIF SUMIPLUS BT AY-X2 NEGRO;1;0;7;1;1168;1
039104;AUDIFONO BT P2961 CELESTE;1;0;0;1;1169;1
03252;AUDIFONO BT QYS-01 VERDE;1;0;0;1;1170;1
032531;AUDIFONO BT QYS-02 NEGRO;1;0;0;1;1171;1
03192;AUDIFONOS REDMI AIRDOTSPRO AZUL;1;0;13;1;1172;1
020100;CABLE LDNIO LC811C TIPO C A C;1;0;49;1;1173;1
02061;CABLE LDNIO LS591 CORDON 1M V8;1;0;0;1;1174;1
02065;CABLE LDNIO LS592 CORDON 2M TIPO C;1;0;0;1;1175;1
022311;CABLE LDNIO LS692 30W TIPO C;1;30;29;1;1176;1
05194;CARG IPHONE 14 PRO 50W TC A IOS;1;0;3;1;1177;1
050003;CARG LDNIO 18W A1306Q 3.0 TIPO C;1;0;8;1;1178;1
05200;CARG MI 67W MAX TIPO C;1;0;0;1;1179;1
05209;CARG MI CHARGER KIT 33W TIPO C;1;0;0;1;1180;1
098021;CARGADOR LDNIO A2405 Q 30W V8;1;0;0;1;1181;1
05261;CARGADOR REDMI 67W TC;1;0;0;1;1182;1
056212;CUBO ECCO 12W EC-12 USB;1;0;1;1;1183;1
01080;FLASH MEMORY ECCO 128GB;1;100;0;1;1184;1
990010;FUNDA NAVIDEÑA 1;1;0;285;1;1185;1
01002;MICRO SD KINGSTON 100 MB/S 32GB;1;0;0;1;1186;1
07183;MOUSE GENIUS ECO8150 OP WIR RECAR GRIS;1;1;0;1;1187;1
07084;MOUSE JEDEL WIRELESS W120;1;0;2;1;1188;1
07083;MOUSE JEDEL WIRELESS W690;1;0;0;1;1189;1
040982;PARL BT MS-1751;1;0;0;1;1190;1
04304;PARL BT OUTDOOR KARAOKE GY-809;1;0;0;1;1191;1
04392;PARL CAFINI CN S6784;1;1;0;1;1192;1
04393;"PARL CAFINI CN S6785 4""";1;2;1;1;1193;1
07607;PARL JEDEL CPU S-578x2;1;50;49;1;1194;1
04270;PARL MS-2019/2020 BT;1;0;0;1;1195;1
04291;PARL MS-3631 BT;1;0;0;1;1196;1
0409834;PARL PRO KMS-M12 PLOMO;1;0;0;1;1197;1
042843;PARL WIND3 PLOMO;1;0;0;1;1198;1
09034;REGULADOR QUASAD QUSB-648BK 4 TOMAS;1;0;0;1;1199;1
04966;RELOJ i30 +AIRPODS + 7 CORREAS;1;0;0;1;1200;1
04932;RELOJ SMART BAND M8 VERDE;1;0;0;1;1201;1
041911;RELOJ SMART DM 03 ROSADO + AIRPODS;1;0;0;1;1202;1
04940;RELOJ SMARTWATCH S9 ULTRA NEGRO;1;0;0;1;1203;1
049402;RELOJ SMARTWATCH S9 ULTRA PLOMO;1;0;0;1;1204;1
07651;TECLADO + MOUSE JEDEL G10;1;0;0;1;1205;1
07652;TECLADO + MOUSE JEDEL WS880;1;0;1;1;1206;1
070121;TECLADO GENIUS NUMPAD 1000;1;0;0;1;1207;1
07567;TECLADO Y MOUSE KIT INALAMBRICO ROSADO;1;0;0;1;1208;1
07568;TECLADO Y MOUSE KIT INALAMBRICO VERDE;1;0;0;1;1209;1
024115;ADAP LDNIO HUB DS 25U 5 EN 1;0;25;25;0;999999;1
038031;AUDIF BT URBANO MSL-701 ROJO;0;0;1;0;999999;1
032601;AUDIF ECCO BT06 BLANCO;0;0;3;0;999999;1
03931;AUDIF SONY DI M30BT CAFE;0;0;4;0;999999;1
039311;AUDIF SONY DI M30BT NEGRO;0;0;1;0;999999;1
032562;AUDIFONO BT M12 MAX NARANJA;0;0;0;0;999999;1
03260;AUDIFONO ECCO BT06 NEGRO;0;0;0;0;999999;1
03009;AUDIFONO MDR-XB450 NEGRO;0;0;2;0;999999;1
052043;CARG INFINIX IN-01 SUPERCHARGER V8;0;0;0;0;999999;1
05350;CARG IPHONE 50W / 2PD TC A TC;0;0;6;0;999999;1
05145;CARG LDNIO 12W A2219 2.4 TIPO C;0;0;0;0;999999;1
050001;CARG LDNIO 18W A1306Q 3.0 V8;0;0;0;0;999999;1
05191;CARG LDNIO A1508C TIPO C - IP;0;50;50;0;999999;1
051991;CARG MI GAN POWER 68W NJ22 V8;0;50;50;0;999999;1
098022;CARGADOR LDNIO A1508C TIPO C;0;0;0;0;999999;1
990033;COLAGENO;0;0;1;0;999999;1
09108;CUCHILLA PARA MAQ. RICH HIDROGEL;0;20;0;0;999999;1
01054;DDS ADATA 480GB;0;2;2;0;999999;1
035002;MICROF WIRELESS VIAKING TIPO C;0;0;0;0;999999;1
03500;MICROFONO WIRELESS K9 IOS X 1;0;0;0;0;999999;1
07001;MOUSE GENIUS DX-125 USB NEGRO;0;0;0;0;999999;1
07076;MOUSE GENIUS DX-125 USB NEGRO G5;0;0;0;0;999999;1
07085;MOUSE JEDEL WIRELESS W620;0;0;1;0;999999;1
07100;MOUSE JEQANG BT JB-AP04 BLANCO;0;0;3;0;999999;1
071002;MOUSE JEQANG BT JB-AP04 NEGRO;0;0;0;0;999999;1
071003;MOUSE JEQANG BT JB-AP04 VERDE;0;0;0;0;999999;1
09302;PALETA AZUL GRANDE;0;13;15;0;999999;1
04379;PARL BOSE SI PRO PLUS;0;1;1;0;999999;1
042011;PARL BT - 2301;0;0;1;0;999999;1
043122;PARL BT MS-2017 DORADO;0;0;1;0;999999;1
04312;PARL BT MS-2017 NEGRO;0;0;0;0;999999;1
043121;PARL BT MS-2017 ROJO;0;0;0;0;999999;1
04313;PARL BT MS-2018 NEGRO;0;0;0;0;999999;1
043131;PARL BT MS-2018 ROJO;0;0;0;0;999999;1
042701;PARL BT MS-2025;0;0;0;0;999999;1
04420;PARL ECHO 5TA GEN ALEXA AZUL;0;3;3;0;999999;1
044201;PARL ECHO 5TA GEN ALEXA GRIS;0;3;3;0;999999;1
04307;PARL HONGFU PORTABLE SPEAKER HF-617;0;0;0;0;999999;1
04414;PARL LIDIMI LD060;0;1;1;0;999999;1
04415;PARL LIDIMI LD600;0;1;1;0;999999;1
04411;PARL LIDIMI LD657;0;1;1;0;999999;1
04410;PARL LIDIMI LD667;0;1;1;0;999999;1
04412;PARL LIDIMI LD692;0;1;1;0;999999;1
04413;PARL LIDIMI LD862;0;1;1;0;999999;1
04416;PARL LIDIMI LD867;0;1;1;0;999999;1
042832;PARL LIVIN 800W BT-08 ROJO;0;0;0;0;999999;1
04290;PARL MS-3630 BT;0;0;0;0;999999;1
041232;PARLANTE BT ECCO T8 FM +USB AZUL;0;0;0;0;999999;1
041233;PARLANTE BT ECCO T8 FM +USB NEGRO;0;0;1;0;999999;1
098029;PARLANTE DPUS SZ-6565;0;0;1;0;999999;1
05700;POWER BANK ANSTY AY-100 10000;0;0;0;0;999999;1
05886;POWER BANK LDNIO PQ27 20000 65.0W;0;5;0;0;999999;1
05051;POWER BANK LDNIO PW1009 10000 AMP;0;0;1;0;999999;1
050906;REGLETA LDNIO SC1418;0;10;10;0;999999;1
04967;RELOJ SMART EW25 4+1 NEGRO;0;0;1;0;999999;1
07125;TECL JEDEL + MOUSE G18;0;60;60;0;999999;1
99012;TOMATODO PROMO;0;0;18;0;999999;1
99016;VARIOS MASAJEADORA;0;30;30;0;999999;1